Race,Year,Household Income by Race,Household Income by Race Moe,County,State
Total,2019,69953,4889.0,Albany County, NY
Total,2019,41432,1090.0,Bronx County, NY
Total,2019,52010,3777.0,Broome County, NY
Total,2019,50912,2594.0,Cattaraugus County, NY
Total,2019,58665,4419.0,Cayuga County, NY
Total,2019,50272,2689.0,Chautauqua County, NY
Total,2019,60782,5361.0,Chemung County, NY
Total,2019,60198,5044.0,Clinton County, NY
Total,2019,85901,4980.0,Dutchess County, NY
Total,2019,60652,1175.0,Erie County, NY
Total,2019,53917,3182.0,Jefferson County, NY
Total,2019,66937,1343.0,Kings County, NY
Total,2019,59173,4255.0,Livingston County, NY
Total,2019,62918,7196.0,Madison County, NY
Total,2019,62103,1588.0,Monroe County, NY
Total,2019,118453,2877.0,Nassau County, NY
Total,2019,93651,3322.0,New York County, NY
Total,2019,56304,3279.0,Niagara County, NY
Total,2019,57391,3867.0,Oneida County, NY
Total,2019,61577,1705.0000000000002,Onondaga County, NY
Total,2019,66568,3443.9999999999995,Ontario County, NY
Total,2019,84458,4115.0,Orange County, NY
Total,2019,58459,4387.0,Oswego County, NY
Total,2019,106204,5290.0,Putnam County, NY
Total,2019,73696,1832.0,Queens County, NY
Total,2019,71574,3684.0,Rensselaer County, NY
Total,2019,89821,5711.0,Richmond County, NY
Total,2019,100916,3632.0000000000014,Rockland County, NY
Total,2019,52108,4862.0,St. Lawrence County, NY
Total,2019,89932,4301.0,Saratoga County, NY
Total,2019,65773,5060.0,Schenectady County, NY
Total,2019,52951,2288.0,Steuben County, NY
Total,2019,106228,3154.0,Suffolk County, NY
Total,2019,60137,4340.0,Sullivan County, NY
Total,2019,58626,5696.0,Tompkins County, NY
Total,2019,64087,3519.0,Ulster County, NY
Total,2019,64985,6205.0,Warren County, NY
Total,2019,61730,6356.0,Wayne County, NY
Total,2019,101908,2096.0,Westchester County, NY
White,2019,76360,5268.0,Albany County, NY
White,2019,48403,3117.0,Bronx County, NY
White,2019,55363,4814.0,Broome County, NY
White,2019,52125,2797.0,Cattaraugus County, NY
White,2019,60318,4298.0,Cayuga County, NY
White,2019,50489,2629.0,Chautauqua County, NY
White,2019,61182,4955.0,Chemung County, NY
White,2019,59956,5442.0,Clinton County, NY
White,2019,87616,4802.0,Dutchess County, NY
White,2019,66482,2000.0,Erie County, NY
White,2019,54025,3122.0,Jefferson County, NY
White,2019,85308,2617.0,Kings County, NY
White,2019,59932,4098.0,Livingston County, NY
White,2019,64296,6754.0,Madison County, NY
White,2019,69641,2071.0,Monroe County, NY
White,2019,122846,4502.0,Nassau County, NY
White,2019,122085,4666.0,New York County, NY
White,2019,60262,3808.0,Niagara County, NY
White,2019,61280,3280.0,Oneida County, NY
White,2019,66872,2172.0,Onondaga County, NY
White,2019,67719,4615.0,Ontario County, NY
White,2019,88935,5005.0,Orange County, NY
White,2019,58945,4652.0,Oswego County, NY
White,2019,107361,7612.0,Putnam County, NY
White,2019,79615,3028.0,Queens County, NY
White,2019,74957,4824.0,Rensselaer County, NY
White,2019,97098,5642.0,Richmond County, NY
White,2019,102179,3936.0000000000014,Rockland County, NY
White,2019,52153,5447.0,St. Lawrence County, NY
White,2019,87994,5464.0,Saratoga County, NY
White,2019,76175,7104.0,Schenectady County, NY
White,2019,52363,2441.0,Steuben County, NY
White,2019,108064,3140.0,Suffolk County, NY
White,2019,61271,8682.0,Sullivan County, NY
White,2019,61425,5142.0,Tompkins County, NY
White,2019,64888,4459.0,Ulster County, NY
White,2019,64311,6357.0,Warren County, NY
White,2019,64400,5996.0,Wayne County, NY
White,2019,120942,3955.0,Westchester County, NY
Black,2019,36667,8984.0,Albany County, NY
Black,2019,41343,2371.0,Bronx County, NY
Black,2019,31426,15410.000000000002,Broome County, NY
Black,2019,41228,16399.0,Cayuga County, NY
Black,2019,25952,7115.0,Chautauqua County, NY
Black,2019,61222,14586.0,Dutchess County, NY
Black,2019,34715,2607.0,Erie County, NY
Black,2019,57987,22011.0,Jefferson County, NY
Black,2019,51899,1729.0,Kings County, NY
Black,2019,25179,10845.0,Livingston County, NY
Black,2019,35427,3623.0,Monroe County, NY
Black,2019,96701,8897.0,Nassau County, NY
Black,2019,41106,4315.0,New York County, NY
Black,2019,24054,11961.0,Niagara County, NY
Black,2019,44409,27428.0,Oneida County, NY
Black,2019,35221,5370.0,Onondaga County, NY
Black,2019,24688,14807.999999999998,Ontario County, NY
Black,2019,66012,18425.0,Orange County, NY
Black,2019,83817,24617.0,Putnam County, NY
Black,2019,73646,4313.0,Queens County, NY
Black,2019,32575,12855.0,Rensselaer County, NY
Black,2019,51171,13571.000000000002,Richmond County, NY
Black,2019,95189,18863.0,Rockland County, NY
Black,2019,53855,9927.0,St. Lawrence County, NY
Black,2019,38437,7293.0,Schenectady County, NY
Black,2019,57222,40921.0,Steuben County, NY
Black,2019,96643,13546.999999999998,Suffolk County, NY
Black,2019,58504,40545.0,Ulster County, NY
Black,2019,212794,167796.0,Warren County, NY
Black,2019,64662,9499.0,Westchester County, NY
Native American,2019,22464,19727.0,Bronx County, NY
Native American,2019,45847,26453.0,Broome County, NY
Native American,2019,21767,3697.0,Cattaraugus County, NY
Native American,2019,40703,35190.0,Erie County, NY
Native American,2019,20570,17109.0,Kings County, NY
Native American,2019,46316,40070.0,Madison County, NY
Native American,2019,26761,9688.0,Monroe County, NY
Native American,2019,123200,15196.000000000002,Nassau County, NY
Native American,2019,37147,27051.000000000004,New York County, NY
Native American,2019,5993,3662.0,Niagara County, NY
Native American,2019,48469,22111.0,Oneida County, NY
Native American,2019,73925,66056.0,Onondaga County, NY
Native American,2019,80969,34873.0,Queens County, NY
Native American,2019,60718,37796.0,Richmond County, NY
Native American,2019,87833,9567.0,Suffolk County, NY
Asian,2019,74962,23510.0,Albany County, NY
Asian,2019,64059,8424.0,Bronx County, NY
Asian,2019,43902,20745.0,Broome County, NY
Asian,2019,123490,24220.0,Dutchess County, NY
Asian,2019,44094,10049.0,Erie County, NY
Asian,2019,60943,45664.0,Jefferson County, NY
Asian,2019,71803,4639.0,Kings County, NY
Asian,2019,250001,,Livingston County, NY
Asian,2019,69926,24431.0,Monroe County, NY
Asian,2019,141801,10309.0,Nassau County, NY
Asian,2019,101183,4835.0,New York County, NY
Asian,2019,69321,68759.0,Niagara County, NY
Asian,2019,39821,16781.0,Oneida County, NY
Asian,2019,53864,20416.0,Onondaga County, NY
Asian,2019,161189,66744.0,Ontario County, NY
Asian,2019,106036,43567.0,Orange County, NY
Asian,2019,72727,68667.0,Oswego County, NY
Asian,2019,131485,67909.0,Putnam County, NY
Asian,2019,70849,1669.0,Queens County, NY
Asian,2019,100114,17212.0,Rensselaer County, NY
Asian,2019,74787,11508.0,Richmond County, NY
Asian,2019,151224,21004.0,Rockland County, NY
Asian,2019,120804,8621.0,Saratoga County, NY
Asian,2019,54456,36856.0,Schenectady County, NY
Asian,2019,131029,13221.0,Steuben County, NY
Asian,2019,106959,17093.0,Suffolk County, NY
Asian,2019,43343,21009.0,Tompkins County, NY
Asian,2019,106096,23196.0,Ulster County, NY
Asian,2019,39216,13348.0,Warren County, NY
Asian,2019,48111,33822.0,Wayne County, NY
Asian,2019,150456,12374.0,Westchester County, NY
Pacific Islander,2019,51332,278.0,Onondaga County, NY
Other,2019,58925,56159.0,Albany County, NY
Other,2019,35770,2633.0,Bronx County, NY
Other,2019,63297,41836.0,Cattaraugus County, NY
Other,2019,79354,60578.0,Chautauqua County, NY
Other,2019,93007,40928.0,Dutchess County, NY
Other,2019,25722,7970.0,Erie County, NY
Other,2019,44374,3412.0,Kings County, NY
Other,2019,32444,9591.0,Monroe County, NY
Other,2019,94729,11615.0,Nassau County, NY
Other,2019,36963,4040.0,New York County, NY
Other,2019,46326,42997.0,Oneida County, NY
Other,2019,35502,10107.0,Onondaga County, NY
Other,2019,75273,22459.0,Orange County, NY
Other,2019,95028,15255.999999999998,Putnam County, NY
Other,2019,63370,3712.0,Queens County, NY
Other,2019,27970,12383.0,Rensselaer County, NY
Other,2019,50357,10067.0,Richmond County, NY
Other,2019,54777,13595.000000000002,Rockland County, NY
Other,2019,40932,19904.0,Schenectady County, NY
Other,2019,91243,23409.0,Suffolk County, NY
Other,2019,61135,3381.0,Sullivan County, NY
Other,2019,41935,40525.0,Tompkins County, NY
Other,2019,65228,12319.0,Ulster County, NY
Other,2019,34077,9798.0,Wayne County, NY
Other,2019,60029,11663.0,Westchester County, NY
Two Or More,2019,40161,27477.0,Albany County, NY
Two Or More,2019,42038,4950.0,Bronx County, NY
Two Or More,2019,27640,16887.0,Broome County, NY
Two Or More,2019,76042,20466.0,Chautauqua County, NY
Two Or More,2019,67896,62841.0,Chemung County, NY
Two Or More,2019,65897,18189.0,Clinton County, NY
Two Or More,2019,120588,120777.0,Dutchess County, NY
Two Or More,2019,47243,11263.0,Erie County, NY
Two Or More,2019,73630,8968.0,Kings County, NY
Two Or More,2019,30060,29838.0,Madison County, NY
Two Or More,2019,50539,21744.0,Monroe County, NY
Two Or More,2019,113699,12647.0,Nassau County, NY
Two Or More,2019,71171,14366.0,New York County, NY
Two Or More,2019,46883,23586.0,Niagara County, NY
Two Or More,2019,37220,10947.0,Oneida County, NY
Two Or More,2019,40944,14622.999999999998,Onondaga County, NY
Two Or More,2019,90059,27462.0,Orange County, NY
Two Or More,2019,79298,8419.0,Queens County, NY
Two Or More,2019,103447,21629.0,Richmond County, NY
Two Or More,2019,113384,37108.0,Rockland County, NY
Two Or More,2019,49461,26584.0,St. Lawrence County, NY
Two Or More,2019,96142,19780.0,Saratoga County, NY
Two Or More,2019,20203,18562.0,Schenectady County, NY
Two Or More,2019,104315,27495.0,Suffolk County, NY
Two Or More,2019,63417,52491.0,Tompkins County, NY
Two Or More,2019,86512,44055.0,Ulster County, NY
Two Or More,2019,103595,41436.0,Westchester County, NY
White Non-Hispanic,2019,77026,5464.0,Albany County, NY
White Non-Hispanic,2019,65994,5322.0,Bronx County, NY
White Non-Hispanic,2019,56356,4859.0,Broome County, NY
White Non-Hispanic,2019,52154,2805.0,Cattaraugus County, NY
White Non-Hispanic,2019,60480,4190.0,Cayuga County, NY
White Non-Hispanic,2019,51558,3010.0,Chautauqua County, NY
White Non-Hispanic,2019,61254,4862.0,Chemung County, NY
White Non-Hispanic,2019,59880,5432.0,Clinton County, NY
White Non-Hispanic,2019,88244,4807.0,Dutchess County, NY
White Non-Hispanic,2019,66999,2045.0,Erie County, NY
White Non-Hispanic,2019,54826,3643.0000000000014,Jefferson County, NY
White Non-Hispanic,2019,90577,1774.9999999999998,Kings County, NY
White Non-Hispanic,2019,60091,4102.0,Livingston County, NY
White Non-Hispanic,2019,63839,6905.000000000001,Madison County, NY
White Non-Hispanic,2019,71212,1960.0,Monroe County, NY
White Non-Hispanic,2019,127041,3603.0,Nassau County, NY
White Non-Hispanic,2019,132362,6957.000000000001,New York County, NY
White Non-Hispanic,2019,60071,3916.0000000000014,Niagara County, NY
White Non-Hispanic,2019,61972,3445.0000000000005,Oneida County, NY
White Non-Hispanic,2019,67655,2877.0,Onondaga County, NY
White Non-Hispanic,2019,68005,5424.0,Ontario County, NY
White Non-Hispanic,2019,86232,6055.0,Orange County, NY
White Non-Hispanic,2019,59203,4708.0,Oswego County, NY
White Non-Hispanic,2019,106705,6777.0,Putnam County, NY
White Non-Hispanic,2019,83541,3258.0,Queens County, NY
White Non-Hispanic,2019,75282,4826.0,Rensselaer County, NY
White Non-Hispanic,2019,104240,3606.0,Richmond County, NY
White Non-Hispanic,2019,101546,3461.0,Rockland County, NY
White Non-Hispanic,2019,52460,5843.0,St. Lawrence County, NY
White Non-Hispanic,2019,87713,5619.0,Saratoga County, NY
White Non-Hispanic,2019,78851,7919.999999999999,Schenectady County, NY
White Non-Hispanic,2019,52730,2360.0,Steuben County, NY
White Non-Hispanic,2019,109817,3032.0,Suffolk County, NY
White Non-Hispanic,2019,61496,9026.0,Sullivan County, NY
White Non-Hispanic,2019,63165,3980.0,Tompkins County, NY
White Non-Hispanic,2019,64898,5052.0,Ulster County, NY
White Non-Hispanic,2019,64072,6409.0,Warren County, NY
White Non-Hispanic,2019,64299,5942.0,Wayne County, NY
White Non-Hispanic,2019,126202,5217.0,Westchester County, NY
Hispanic,2019,49717,20330.0,Albany County, NY
Hispanic,2019,36720,1941.0,Bronx County, NY
Hispanic,2019,45915,23740.0,Broome County, NY
Hispanic,2019,58989,43696.0,Cattaraugus County, NY
Hispanic,2019,43131,14672.999999999998,Cayuga County, NY
Hispanic,2019,21055,9438.0,Chautauqua County, NY
Hispanic,2019,57822,23109.0,Chemung County, NY
Hispanic,2019,85276,69765.0,Clinton County, NY
Hispanic,2019,81597,31418.000000000004,Dutchess County, NY
Hispanic,2019,36228,6319.0,Erie County, NY
Hispanic,2019,45680,7047.000000000001,Jefferson County, NY
Hispanic,2019,49928,2498.0,Kings County, NY
Hispanic,2019,40634,5700.0,Monroe County, NY
Hispanic,2019,101094,7802.000000000001,Nassau County, NY
Hispanic,2019,41052,2042.0,New York County, NY
Hispanic,2019,75919,61785.0,Niagara County, NY
Hispanic,2019,49746,20379.0,Oneida County, NY
Hispanic,2019,44076,4138.0,Onondaga County, NY
Hispanic,2019,29883,6396.0,Ontario County, NY
Hispanic,2019,85518,7086.0,Orange County, NY
Hispanic,2019,21629,20110.0,Oswego County, NY
Hispanic,2019,97332,17621.0,Putnam County, NY
Hispanic,2019,65137,2813.0,Queens County, NY
Hispanic,2019,35448,9519.0,Rensselaer County, NY
Hispanic,2019,52308,10269.0,Richmond County, NY
Hispanic,2019,80628,18400.0,Rockland County, NY
Hispanic,2019,101519,17407.0,Saratoga County, NY
Hispanic,2019,35422,21082.0,Schenectady County, NY
Hispanic,2019,94922,8593.0,Suffolk County, NY
Hispanic,2019,60338,5839.0,Sullivan County, NY
Hispanic,2019,40472,14685.0,Tompkins County, NY
Hispanic,2019,57401,25323.0,Ulster County, NY
Hispanic,2019,57086,51041.0,Wayne County, NY
Hispanic,2019,75820,4778.0,Westchester County, NY
Total,2018,64435,4607.0,Albany County, NY
Total,2018,38467,1864.0,Bronx County, NY
Total,2018,51125,2910.0,Broome County, NY
Total,2018,48179,3100.0,Cattaraugus County, NY
Total,2018,52376,4473.0,Cayuga County, NY
Total,2018,45479,2258.0,Chautauqua County, NY
Total,2018,53005,3786.0,Chemung County, NY
Total,2018,56704,5379.0,Clinton County, NY
Total,2018,80227,3395.0000000000005,Dutchess County, NY
Total,2018,56369,1036.0,Erie County, NY
Total,2018,53146,2976.0,Jefferson County, NY
Total,2018,61220,1083.0,Kings County, NY
Total,2018,61609,5259.0,Livingston County, NY
Total,2018,59678,3687.0,Madison County, NY
Total,2018,60222,1616.0,Monroe County, NY
Total,2018,116304,2934.0,Nassau County, NY
Total,2018,85066,3479.9999999999995,New York County, NY
Total,2018,55306,3093.0,Niagara County, NY
Total,2018,54593,2362.0,Oneida County, NY
Total,2018,59883,2300.0,Onondaga County, NY
Total,2018,62522,3413.9999999999995,Ontario County, NY
Total,2018,75825,4078.0000000000014,Orange County, NY
Total,2018,54264,3739.0000000000014,Oswego County, NY
Total,2018,102525,9059.0,Putnam County, NY
Total,2018,69320,1781.0000000000002,Queens County, NY
Total,2018,71648,2014.0,Rensselaer County, NY
Total,2018,82166,5148.0,Richmond County, NY
Total,2018,89812,4056.0,Rockland County, NY
Total,2018,49681,3193.0,St. Lawrence County, NY
Total,2018,83765,4232.0,Saratoga County, NY
Total,2018,64847,5147.0,Schenectady County, NY
Total,2018,55569,3106.0,Steuben County, NY
Total,2018,100468,1777.0,Suffolk County, NY
Total,2018,52274,6570.0,Sullivan County, NY
Total,2018,57276,5532.0,Tompkins County, NY
Total,2018,63889,4118.0,Ulster County, NY
Total,2018,56482,3144.0,Warren County, NY
Total,2018,61515,3238.0,Wayne County, NY
Total,2018,94811,3474.0,Westchester County, NY
White,2018,72570,4727.0,Albany County, NY
White,2018,43179,3609.0,Bronx County, NY
White,2018,52313,3971.0,Broome County, NY
White,2018,49413,2974.0,Cattaraugus County, NY
White,2018,52929,4630.0,Cayuga County, NY
White,2018,46891,2820.0,Chautauqua County, NY
White,2018,56387,4220.0,Chemung County, NY
White,2018,57241,5794.0,Clinton County, NY
White,2018,82207,3802.0,Dutchess County, NY
White,2018,62676,1768.0000000000002,Erie County, NY
White,2018,53635,3895.0,Jefferson County, NY
White,2018,78927,2905.0,Kings County, NY
White,2018,62187,5794.0,Livingston County, NY
White,2018,59300,3961.0000000000014,Madison County, NY
White,2018,66667,1909.0,Monroe County, NY
White,2018,120728,2774.0,Nassau County, NY
White,2018,115829,4951.0,New York County, NY
White,2018,57110,3479.9999999999995,Niagara County, NY
White,2018,57434,2483.0,Oneida County, NY
White,2018,66754,2319.0,Onondaga County, NY
White,2018,63546,3568.0,Ontario County, NY
White,2018,79372,3794.0000000000014,Orange County, NY
White,2018,54113,3692.0,Oswego County, NY
White,2018,103935,8559.0,Putnam County, NY
White,2018,74389,2516.0,Queens County, NY
White,2018,74511,3107.0,Rensselaer County, NY
White,2018,86168,6546.0,Richmond County, NY
White,2018,90304,4726.0,Rockland County, NY
White,2018,49532,3183.0,St. Lawrence County, NY
White,2018,82149,3909.0,Saratoga County, NY
White,2018,71042,6035.0,Schenectady County, NY
White,2018,55546,2899.0,Steuben County, NY
White,2018,102475,2513.0,Suffolk County, NY
White,2018,57007,8404.0,Sullivan County, NY
White,2018,63674,4486.0,Tompkins County, NY
White,2018,67086,5141.0,Ulster County, NY
White,2018,56001,2958.0,Warren County, NY
White,2018,62036,3782.0,Wayne County, NY
White,2018,110786,3252.0,Westchester County, NY
Black,2018,34160,4812.0,Albany County, NY
Black,2018,40575,2078.0,Bronx County, NY
Black,2018,37958,14744.0,Broome County, NY
Black,2018,27083,23695.0,Cayuga County, NY
Black,2018,28084,27078.0,Chemung County, NY
Black,2018,32360,17347.0,Clinton County, NY
Black,2018,53901,28231.0,Dutchess County, NY
Black,2018,33728,3133.0,Erie County, NY
Black,2018,50505,13556.999999999998,Jefferson County, NY
Black,2018,47515,2426.0,Kings County, NY
Black,2018,66033,32470.0,Livingston County, NY
Black,2018,31796,3201.0,Monroe County, NY
Black,2018,109705,8041.999999999999,Nassau County, NY
Black,2018,39639,4184.0,New York County, NY
Black,2018,26718,10848.0,Niagara County, NY
Black,2018,28534,10568.0,Oneida County, NY
Black,2018,32506,3141.0,Onondaga County, NY
Black,2018,61396,23378.0,Ontario County, NY
Black,2018,65093,10145.0,Orange County, NY
Black,2018,156431,91255.0,Putnam County, NY
Black,2018,68205,4122.0,Queens County, NY
Black,2018,45828,7450.999999999999,Rensselaer County, NY
Black,2018,56859,11732.0,Richmond County, NY
Black,2018,83668,10271.0,Rockland County, NY
Black,2018,88566,52101.0,St. Lawrence County, NY
Black,2018,123275,80280.0,Saratoga County, NY
Black,2018,38483,13694.0,Schenectady County, NY
Black,2018,77970,7530.999999999999,Suffolk County, NY
Black,2018,27308,25302.0,Sullivan County, NY
Black,2018,41024,25297.0,Tompkins County, NY
Black,2018,40970,26664.0,Ulster County, NY
Black,2018,60653,9116.0,Westchester County, NY
Native American,2018,58418,51149.0,Albany County, NY
Native American,2018,19079,10920.0,Bronx County, NY
Native American,2018,40739,9986.0,Cattaraugus County, NY
Native American,2018,16273,9449.0,Erie County, NY
Native American,2018,55395,7079.999999999999,Kings County, NY
Native American,2018,30125,18370.0,Monroe County, NY
Native American,2018,110151,80498.0,Nassau County, NY
Native American,2018,35487,20755.0,New York County, NY
Native American,2018,38578,38169.0,Niagara County, NY
Native American,2018,37966,22749.0,Onondaga County, NY
Native American,2018,58221,50790.0,Orange County, NY
Native American,2018,52978,36415.0,Queens County, NY
Native American,2018,61597,49307.0,Schenectady County, NY
Native American,2018,36563,25647.0,Steuben County, NY
Native American,2018,98732,40049.0,Suffolk County, NY
Asian,2018,102936,31507.000000000004,Albany County, NY
Asian,2018,56597,9291.0,Bronx County, NY
Asian,2018,96075,86396.0,Cattaraugus County, NY
Asian,2018,100847,28607.000000000004,Cayuga County, NY
Asian,2018,113044,79154.0,Chemung County, NY
Asian,2018,55671,24696.0,Clinton County, NY
Asian,2018,148832,27388.0,Dutchess County, NY
Asian,2018,52083,8227.0,Erie County, NY
Asian,2018,68714,4492.0,Kings County, NY
Asian,2018,112423,74251.0,Madison County, NY
Asian,2018,70431,18464.0,Monroe County, NY
Asian,2018,135834,8025.0,Nassau County, NY
Asian,2018,82107,9783.0,New York County, NY
Asian,2018,77865,54948.0,Niagara County, NY
Asian,2018,54186,15787.0,Oneida County, NY
Asian,2018,52125,11408.0,Onondaga County, NY
Asian,2018,101339,55259.0,Orange County, NY
Asian,2018,59154,48663.0,Oswego County, NY
Asian,2018,96371,84682.0,Putnam County, NY
Asian,2018,65665,2451.0,Queens County, NY
Asian,2018,70670,26421.0,Rensselaer County, NY
Asian,2018,90358,12338.0,Richmond County, NY
Asian,2018,117572,6837.0,Rockland County, NY
Asian,2018,104526,45033.0,Saratoga County, NY
Asian,2018,66533,30089.0,Schenectady County, NY
Asian,2018,46761,46868.0,Steuben County, NY
Asian,2018,103739,7515.0,Suffolk County, NY
Asian,2018,97061,78561.0,Sullivan County, NY
Asian,2018,36451,17144.0,Tompkins County, NY
Asian,2018,53236,23949.0,Ulster County, NY
Asian,2018,76589,40339.0,Wayne County, NY
Asian,2018,126519,12244.0,Westchester County, NY
Pacific Islander,2018,21294,18916.0,Kings County, NY
Other,2018,48810,8743.0,Albany County, NY
Other,2018,32853,1674.0,Bronx County, NY
Other,2018,54200,53872.0,Broome County, NY
Other,2018,32343,6217.0,Cattaraugus County, NY
Other,2018,30367,30377.0,Cayuga County, NY
Other,2018,23796,1642.0,Chautauqua County, NY
Other,2018,18606,6869.0,Chemung County, NY
Other,2018,51266,28387.000000000004,Dutchess County, NY
Other,2018,20769,4398.0,Erie County, NY
Other,2018,52443,4425.0,Jefferson County, NY
Other,2018,39528,5499.0,Kings County, NY
Other,2018,35489,33241.0,Livingston County, NY
Other,2018,32258,12064.0,Monroe County, NY
Other,2018,67484,15458.0,Nassau County, NY
Other,2018,31206,5798.0,New York County, NY
Other,2018,31535,15732.0,Oneida County, NY
Other,2018,50487,18199.0,Orange County, NY
Other,2018,76419,31861.0,Putnam County, NY
Other,2018,60374,2763.0,Queens County, NY
Other,2018,35962,23187.0,Rensselaer County, NY
Other,2018,81993,37846.0,Richmond County, NY
Other,2018,59666,6769.0,Rockland County, NY
Other,2018,93681,74931.0,Saratoga County, NY
Other,2018,73263,59263.0,Schenectady County, NY
Other,2018,76228,4125.0,Suffolk County, NY
Other,2018,45200,31154.0,Ulster County, NY
Other,2018,35566,14372.0,Wayne County, NY
Other,2018,59770,6837.999999999999,Westchester County, NY
Two Or More,2018,36269,2628.0,Albany County, NY
Two Or More,2018,41816,13669.0,Bronx County, NY
Two Or More,2018,40075,39496.0,Broome County, NY
Two Or More,2018,36424,33633.0,Cattaraugus County, NY
Two Or More,2018,66445,37521.0,Cayuga County, NY
Two Or More,2018,65712,29616.0,Clinton County, NY
Two Or More,2018,70190,46423.0,Dutchess County, NY
Two Or More,2018,41006,11333.0,Erie County, NY
Two Or More,2018,56124,30464.0,Jefferson County, NY
Two Or More,2018,59342,7038.0,Kings County, NY
Two Or More,2018,40763,26236.0,Monroe County, NY
Two Or More,2018,74241,31788.0,Nassau County, NY
Two Or More,2018,58540,7757.999999999999,New York County, NY
Two Or More,2018,51844,9637.0,Oneida County, NY
Two Or More,2018,55956,18814.0,Onondaga County, NY
Two Or More,2018,250001,,Ontario County, NY
Two Or More,2018,67453,20022.0,Orange County, NY
Two Or More,2018,62903,41186.0,Oswego County, NY
Two Or More,2018,116875,68937.0,Putnam County, NY
Two Or More,2018,76516,8081.999999999999,Queens County, NY
Two Or More,2018,41468,41057.0,Rensselaer County, NY
Two Or More,2018,74226,72393.0,Richmond County, NY
Two Or More,2018,55602,49921.0,Rockland County, NY
Two Or More,2018,93125,59386.00000000001,St. Lawrence County, NY
Two Or More,2018,85226,8694.0,Saratoga County, NY
Two Or More,2018,35207,9111.0,Schenectady County, NY
Two Or More,2018,66864,16666.0,Suffolk County, NY
Two Or More,2018,26523,8768.0,Tompkins County, NY
Two Or More,2018,77862,26813.0,Westchester County, NY
White Non-Hispanic,2018,74534,4650.0,Albany County, NY
White Non-Hispanic,2018,58898,4776.0,Bronx County, NY
White Non-Hispanic,2018,52362,3877.0,Broome County, NY
White Non-Hispanic,2018,49216,3052.0,Cattaraugus County, NY
White Non-Hispanic,2018,53831,5104.0,Cayuga County, NY
White Non-Hispanic,2018,47258,3275.0,Chautauqua County, NY
White Non-Hispanic,2018,55719,3593.0,Chemung County, NY
White Non-Hispanic,2018,57052,5872.0,Clinton County, NY
White Non-Hispanic,2018,84517,4112.0,Dutchess County, NY
White Non-Hispanic,2018,63482,1973.0,Erie County, NY
White Non-Hispanic,2018,53168,4072.0,Jefferson County, NY
White Non-Hispanic,2018,83910,3224.0,Kings County, NY
White Non-Hispanic,2018,62330,5828.0,Livingston County, NY
White Non-Hispanic,2018,59047,4040.0,Madison County, NY
White Non-Hispanic,2018,68322,2381.0,Monroe County, NY
White Non-Hispanic,2018,122458,2890.0,Nassau County, NY
White Non-Hispanic,2018,126091,3814.0,New York County, NY
White Non-Hispanic,2018,57769,3677.0,Niagara County, NY
White Non-Hispanic,2018,57750,2480.0,Oneida County, NY
White Non-Hispanic,2018,67589,2288.0,Onondaga County, NY
White Non-Hispanic,2018,64024,3600.0,Ontario County, NY
White Non-Hispanic,2018,80826,4522.0,Orange County, NY
White Non-Hispanic,2018,54020,3659.0,Oswego County, NY
White Non-Hispanic,2018,104365,8102.0,Putnam County, NY
White Non-Hispanic,2018,80552,2098.0,Queens County, NY
White Non-Hispanic,2018,74860,3238.0,Rensselaer County, NY
White Non-Hispanic,2018,90754,3765.0,Richmond County, NY
White Non-Hispanic,2018,88442,5371.0,Rockland County, NY
White Non-Hispanic,2018,49223,3314.0,St. Lawrence County, NY
White Non-Hispanic,2018,81937,3694.0,Saratoga County, NY
White Non-Hispanic,2018,71606,5584.0,Schenectady County, NY
White Non-Hispanic,2018,55484,3052.0,Steuben County, NY
White Non-Hispanic,2018,104030,3011.0,Suffolk County, NY
White Non-Hispanic,2018,56378,8284.0,Sullivan County, NY
White Non-Hispanic,2018,64089,4434.0,Tompkins County, NY
White Non-Hispanic,2018,69405,4694.0,Ulster County, NY
White Non-Hispanic,2018,56243,2638.0,Warren County, NY
White Non-Hispanic,2018,62564,4521.0,Wayne County, NY
White Non-Hispanic,2018,117798,6448.0,Westchester County, NY
Hispanic,2018,36864,10785.0,Albany County, NY
Hispanic,2018,33646,1377.0,Bronx County, NY
Hispanic,2018,51929,19558.0,Broome County, NY
Hispanic,2018,44063,16414.0,Cattaraugus County, NY
Hispanic,2018,35131,9206.0,Cayuga County, NY
Hispanic,2018,23828,8244.0,Chautauqua County, NY
Hispanic,2018,67580,42627.0,Clinton County, NY
Hispanic,2018,52256,6503.0,Dutchess County, NY
Hispanic,2018,28462,6057.0,Erie County, NY
Hispanic,2018,54167,6227.0,Jefferson County, NY
Hispanic,2018,45842,3568.0,Kings County, NY
Hispanic,2018,36641,18663.0,Livingston County, NY
Hispanic,2018,87825,39928.0,Madison County, NY
Hispanic,2018,27282,6116.0,Monroe County, NY
Hispanic,2018,81187,6705.0,Nassau County, NY
Hispanic,2018,39704,4614.0,New York County, NY
Hispanic,2018,28444,19736.0,Niagara County, NY
Hispanic,2018,38877,14228.999999999998,Oneida County, NY
Hispanic,2018,32735,8163.999999999999,Onondaga County, NY
Hispanic,2018,66938,10217.0,Orange County, NY
Hispanic,2018,57664,25914.0,Oswego County, NY
Hispanic,2018,80998,18063.0,Putnam County, NY
Hispanic,2018,61080,1847.0,Queens County, NY
Hispanic,2018,36491,13069.0,Rensselaer County, NY
Hispanic,2018,62716,9195.0,Richmond County, NY
Hispanic,2018,78969,24012.0,Rockland County, NY
Hispanic,2018,57170,2803.0,St. Lawrence County, NY
Hispanic,2018,113409,42549.0,Saratoga County, NY
Hispanic,2018,58663,26428.0,Steuben County, NY
Hispanic,2018,85622,9313.0,Suffolk County, NY
Hispanic,2018,60597,31998.0,Sullivan County, NY
Hispanic,2018,53404,21115.0,Tompkins County, NY
Hispanic,2018,39423,7614.0,Ulster County, NY
Hispanic,2018,63466,4453.0,Westchester County, NY
Total,2017,66204,3583.0,Albany County, NY
Total,2017,37397,1444.0,Bronx County, NY
Total,2017,47758,2719.0,Broome County, NY
Total,2017,48484,3625.0,Cattaraugus County, NY
Total,2017,56599,3700.0,Cayuga County, NY
Total,2017,46079,2670.0,Chautauqua County, NY
Total,2017,51194,4868.0,Chemung County, NY
Total,2017,58234,4388.0,Clinton County, NY
Total,2017,77915,4902.0,Dutchess County, NY
Total,2017,55604,1224.0,Erie County, NY
Total,2017,47101,2551.0,Jefferson County, NY
Total,2017,56942,1151.0,Kings County, NY
Total,2017,55931,3445.0000000000005,Livingston County, NY
Total,2017,57069,6307.0,Madison County, NY
Total,2017,57561,1799.0,Monroe County, NY
Total,2017,108133,2724.0,Nassau County, NY
Total,2017,85071,3519.9999999999995,New York County, NY
Total,2017,54743,2780.0,Niagara County, NY
Total,2017,53902,2438.0,Oneida County, NY
Total,2017,57652,1941.0,Onondaga County, NY
Total,2017,66004,3939.0,Ontario County, NY
Total,2017,79311,4104.0,Orange County, NY
Total,2017,53406,3806.0,Oswego County, NY
Total,2017,99479,8674.0,Putnam County, NY
Total,2017,64509,1327.0,Queens County, NY
Total,2017,64050,3738.0,Rensselaer County, NY
Total,2017,79201,2788.0,Richmond County, NY
Total,2017,88726,4085.0,Rockland County, NY
Total,2017,50325,3063.0,St. Lawrence County, NY
Total,2017,83726,4436.0,Saratoga County, NY
Total,2017,62514,3196.0,Schenectady County, NY
Total,2017,50930,2974.0,Steuben County, NY
Total,2017,94750,2550.0,Suffolk County, NY
Total,2017,55309,7161.999999999999,Sullivan County, NY
Total,2017,56672,6303.0,Tompkins County, NY
Total,2017,63621,3907.0,Ulster County, NY
Total,2017,60541,4759.0,Warren County, NY
Total,2017,51326,3133.0,Wayne County, NY
Total,2017,90578,3039.0,Westchester County, NY
White,2017,73561,3412.0,Albany County, NY
White,2017,48020,3590.0,Bronx County, NY
White,2017,50829,3502.0,Broome County, NY
White,2017,49725,3143.0,Cattaraugus County, NY
White,2017,57044,3806.0,Cayuga County, NY
White,2017,46708,2734.0,Chautauqua County, NY
White,2017,51961,5662.0,Chemung County, NY
White,2017,58248,4377.0,Clinton County, NY
White,2017,82821,4705.0,Dutchess County, NY
White,2017,62082,1014.0,Erie County, NY
White,2017,48680,2995.0,Jefferson County, NY
White,2017,75185,2230.0,Kings County, NY
White,2017,56784,4087.0,Livingston County, NY
White,2017,55997,6491.0,Madison County, NY
White,2017,65031,2103.0,Monroe County, NY
White,2017,114508,4246.0,Nassau County, NY
White,2017,114659,5262.0,New York County, NY
White,2017,58266,3236.0,Niagara County, NY
White,2017,56335,2181.0,Oneida County, NY
White,2017,64336,2474.0,Onondaga County, NY
White,2017,68189,5681.0,Ontario County, NY
White,2017,83452,4907.0,Orange County, NY
White,2017,53824,3756.0,Oswego County, NY
White,2017,101905,10616.0,Putnam County, NY
White,2017,68131,1860.0,Queens County, NY
White,2017,67298,3692.0,Rensselaer County, NY
White,2017,85286,4232.0,Richmond County, NY
White,2017,90600,5183.0,Rockland County, NY
White,2017,50262,3068.0,St. Lawrence County, NY
White,2017,83512,4415.0,Saratoga County, NY
White,2017,70890,6777.0,Schenectady County, NY
White,2017,50830,3088.0,Steuben County, NY
White,2017,97071,2532.0,Suffolk County, NY
White,2017,58326,8284.0,Sullivan County, NY
White,2017,60469,6877.999999999999,Tompkins County, NY
White,2017,64743,4145.0,Ulster County, NY
White,2017,60493,5627.0,Warren County, NY
White,2017,52189,3312.0,Wayne County, NY
White,2017,109615,4372.0,Westchester County, NY
Black,2017,32711,6022.0,Albany County, NY
Black,2017,37491,2514.0,Bronx County, NY
Black,2017,22410,11001.0,Broome County, NY
Black,2017,35488,22183.0,Cayuga County, NY
Black,2017,24753,13951.0,Chemung County, NY
Black,2017,61687,8648.0,Clinton County, NY
Black,2017,48339,10947.0,Dutchess County, NY
Black,2017,30285,2271.0,Erie County, NY
Black,2017,45338,7612.0,Jefferson County, NY
Black,2017,45355,2161.0,Kings County, NY
Black,2017,29636,3084.0,Monroe County, NY
Black,2017,82494,7484.0,Nassau County, NY
Black,2017,37747,4313.0,New York County, NY
Black,2017,26643,2708.0,Niagara County, NY
Black,2017,32192,14993.0,Oneida County, NY
Black,2017,30446,1823.0,Onondaga County, NY
Black,2017,70313,8775.0,Orange County, NY
Black,2017,72357,70496.0,Putnam County, NY
Black,2017,65295,4723.0,Queens County, NY
Black,2017,24355,4985.0,Rensselaer County, NY
Black,2017,41663,5408.0,Richmond County, NY
Black,2017,79973,16317.999999999998,Rockland County, NY
Black,2017,27937,8997.0,Schenectady County, NY
Black,2017,38537,15378.0,Steuben County, NY
Black,2017,69872,5077.0,Suffolk County, NY
Black,2017,42178,18902.0,Sullivan County, NY
Black,2017,71154,25469.0,Ulster County, NY
Black,2017,55844,5557.0,Westchester County, NY
Native American,2017,22791,18921.0,Albany County, NY
Native American,2017,29001,18836.0,Bronx County, NY
Native American,2017,25693,16372.000000000002,Cattaraugus County, NY
Native American,2017,30868,28383.0,Erie County, NY
Native American,2017,52815,45104.0,Kings County, NY
Native American,2017,39607,32924.0,Niagara County, NY
Native American,2017,13834,5930.0,Onondaga County, NY
Native American,2017,58688,55892.0,Oswego County, NY
Native American,2017,65444,16865.0,Queens County, NY
Native American,2017,70389,36918.0,Richmond County, NY
Native American,2017,111149,72618.0,Rockland County, NY
Native American,2017,56193,41990.0,St. Lawrence County, NY
Native American,2017,60565,50038.0,Sullivan County, NY
Native American,2017,45076,25024.0,Westchester County, NY
Asian,2017,77814,13534.0,Albany County, NY
Asian,2017,48016,10550.0,Bronx County, NY
Asian,2017,35279,27445.0,Broome County, NY
Asian,2017,2499,,Cattaraugus County, NY
Asian,2017,98682,869.9999999999999,Cayuga County, NY
Asian,2017,158427,85638.0,Chemung County, NY
Asian,2017,120627,13959.000000000002,Dutchess County, NY
Asian,2017,46757,7016.0,Erie County, NY
Asian,2017,59425,5061.0,Kings County, NY
Asian,2017,87733,2102.0,Livingston County, NY
Asian,2017,88900,77622.0,Madison County, NY
Asian,2017,66957,11269.0,Monroe County, NY
Asian,2017,130804,4896.0,Nassau County, NY
Asian,2017,76766,12219.0,New York County, NY
Asian,2017,25813,25592.0,Niagara County, NY
Asian,2017,28489,8654.0,Oneida County, NY
Asian,2017,40540,10402.0,Onondaga County, NY
Asian,2017,76826,55890.99999999999,Orange County, NY
Asian,2017,250001,,Oswego County, NY
Asian,2017,118447,57661.00000000001,Putnam County, NY
Asian,2017,61242,1288.0,Queens County, NY
Asian,2017,70392,38217.0,Rensselaer County, NY
Asian,2017,78811,8502.0,Richmond County, NY
Asian,2017,140163,32553.0,Rockland County, NY
Asian,2017,85208,33201.0,St. Lawrence County, NY
Asian,2017,101696,5181.0,Saratoga County, NY
Asian,2017,60602,37212.0,Schenectady County, NY
Asian,2017,100437,13929.999999999998,Suffolk County, NY
Asian,2017,125813,80087.0,Sullivan County, NY
Asian,2017,31088,9046.0,Tompkins County, NY
Asian,2017,80000,50407.0,Ulster County, NY
Asian,2017,250001,,Wayne County, NY
Asian,2017,140465,13457.0,Westchester County, NY
Pacific Islander,2017,44886,17008.0,Bronx County, NY
Other,2017,31160,1571.0,Bronx County, NY
Other,2017,18571,14500.0,Cayuga County, NY
Other,2017,2499,,Clinton County, NY
Other,2017,24525,17203.0,Dutchess County, NY
Other,2017,22766,4472.0,Erie County, NY
Other,2017,47866,18703.0,Jefferson County, NY
Other,2017,34005,2874.0,Kings County, NY
Other,2017,28108,8952.0,Monroe County, NY
Other,2017,74541,12364.0,Nassau County, NY
Other,2017,35669,3195.0,New York County, NY
Other,2017,21096,14819.0,Oneida County, NY
Other,2017,38915,18182.0,Ontario County, NY
Other,2017,68429,20660.0,Orange County, NY
Other,2017,4080,906.0,Oswego County, NY
Other,2017,57485,3236.0,Queens County, NY
Other,2017,56271,26242.0,Richmond County, NY
Other,2017,40260,15503.0,Rockland County, NY
Other,2017,16820,12657.0,Schenectady County, NY
Other,2017,79686,17742.0,Suffolk County, NY
Other,2017,62835,10653.0,Ulster County, NY
Other,2017,50899,5593.0,Westchester County, NY
Two Or More,2017,50836,17103.0,Albany County, NY
Two Or More,2017,48750,11047.0,Bronx County, NY
Two Or More,2017,29571,17104.0,Cattaraugus County, NY
Two Or More,2017,31799,15888.999999999998,Chemung County, NY
Two Or More,2017,70225,22089.0,Dutchess County, NY
Two Or More,2017,30298,10928.0,Erie County, NY
Two Or More,2017,25341,10331.0,Jefferson County, NY
Two Or More,2017,68864,5900.0,Kings County, NY
Two Or More,2017,91199,2227.0,Madison County, NY
Two Or More,2017,41048,9349.0,Monroe County, NY
Two Or More,2017,100838,23005.0,Nassau County, NY
Two Or More,2017,55209,8329.0,New York County, NY
Two Or More,2017,37922,3650.0,Niagara County, NY
Two Or More,2017,40673,11857.0,Onondaga County, NY
Two Or More,2017,60985,49059.0,Ontario County, NY
Two Or More,2017,66297,29092.0,Orange County, NY
Two Or More,2017,45750,33189.0,Oswego County, NY
Two Or More,2017,66645,6491.0,Queens County, NY
Two Or More,2017,46125,11792.0,Rensselaer County, NY
Two Or More,2017,77355,21132.0,Richmond County, NY
Two Or More,2017,78503,21904.0,Rockland County, NY
Two Or More,2017,35886,34626.0,St. Lawrence County, NY
Two Or More,2017,77014,46770.0,Saratoga County, NY
Two Or More,2017,43353,42308.0,Schenectady County, NY
Two Or More,2017,45448,10431.0,Steuben County, NY
Two Or More,2017,92246,14485.0,Suffolk County, NY
Two Or More,2017,95071,18873.0,Sullivan County, NY
Two Or More,2017,42477,25339.0,Tompkins County, NY
Two Or More,2017,55632,22381.0,Ulster County, NY
Two Or More,2017,75630,21832.0,Westchester County, NY
White Non-Hispanic,2017,75035,3488.0,Albany County, NY
White Non-Hispanic,2017,63929,3089.0,Bronx County, NY
White Non-Hispanic,2017,51283,3502.0,Broome County, NY
White Non-Hispanic,2017,50007,3013.0,Cattaraugus County, NY
White Non-Hispanic,2017,57324,3811.0,Cayuga County, NY
White Non-Hispanic,2017,47554,2731.0,Chautauqua County, NY
White Non-Hispanic,2017,52064,5641.0,Chemung County, NY
White Non-Hispanic,2017,58491,4559.0,Clinton County, NY
White Non-Hispanic,2017,82468,5285.0,Dutchess County, NY
White Non-Hispanic,2017,62519,1414.0,Erie County, NY
White Non-Hispanic,2017,49102,3034.0,Jefferson County, NY
White Non-Hispanic,2017,81162,1432.0,Kings County, NY
White Non-Hispanic,2017,56895,4199.0,Livingston County, NY
White Non-Hispanic,2017,55444,6444.0,Madison County, NY
White Non-Hispanic,2017,66748,2085.0,Monroe County, NY
White Non-Hispanic,2017,116614,4355.0,Nassau County, NY
White Non-Hispanic,2017,126173,5588.0,New York County, NY
White Non-Hispanic,2017,58771,3136.0,Niagara County, NY
White Non-Hispanic,2017,56790,2599.0,Oneida County, NY
White Non-Hispanic,2017,65359,2206.0,Onondaga County, NY
White Non-Hispanic,2017,68386,5861.0,Ontario County, NY
White Non-Hispanic,2017,82494,5846.0,Orange County, NY
White Non-Hispanic,2017,54487,3649.0,Oswego County, NY
White Non-Hispanic,2017,106452,10759.0,Putnam County, NY
White Non-Hispanic,2017,72423,2548.0,Queens County, NY
White Non-Hispanic,2017,67290,3595.0,Rensselaer County, NY
White Non-Hispanic,2017,89425,5462.0,Richmond County, NY
White Non-Hispanic,2017,94213,9156.0,Rockland County, NY
White Non-Hispanic,2017,50343,3077.0,St. Lawrence County, NY
White Non-Hispanic,2017,83397,4339.0,Saratoga County, NY
White Non-Hispanic,2017,71285,6701.0,Schenectady County, NY
White Non-Hispanic,2017,50670,3091.0,Steuben County, NY
White Non-Hispanic,2017,99259,2431.0,Suffolk County, NY
White Non-Hispanic,2017,60411,8884.0,Sullivan County, NY
White Non-Hispanic,2017,62664,7884.999999999999,Tompkins County, NY
White Non-Hispanic,2017,64140,4137.0,Ulster County, NY
White Non-Hispanic,2017,60399,6133.0,Warren County, NY
White Non-Hispanic,2017,52111,3196.0,Wayne County, NY
White Non-Hispanic,2017,116004,3421.0,Westchester County, NY
Hispanic,2017,41031,5213.0,Albany County, NY
Hispanic,2017,32911,1583.0,Bronx County, NY
Hispanic,2017,23346,19121.0,Broome County, NY
Hispanic,2017,27225,7919.0,Cattaraugus County, NY
Hispanic,2017,26276,6137.0,Cayuga County, NY
Hispanic,2017,19730,7874.0,Chautauqua County, NY
Hispanic,2017,55818,26563.0,Clinton County, NY
Hispanic,2017,74764,28234.0,Dutchess County, NY
Hispanic,2017,30337,6194.0,Erie County, NY
Hispanic,2017,40900,9043.0,Jefferson County, NY
Hispanic,2017,40165,2015.0,Kings County, NY
Hispanic,2017,158102,156197.0,Madison County, NY
Hispanic,2017,32018,3314.0,Monroe County, NY
Hispanic,2017,85764,5577.0,Nassau County, NY
Hispanic,2017,38841,2781.0,New York County, NY
Hispanic,2017,32298,13704.0,Niagara County, NY
Hispanic,2017,37690,11596.0,Oneida County, NY
Hispanic,2017,30965,4696.0,Onondaga County, NY
Hispanic,2017,43153,12494.0,Ontario County, NY
Hispanic,2017,76341,7621.0,Orange County, NY
Hispanic,2017,80621,27199.0,Putnam County, NY
Hispanic,2017,58413,2403.0,Queens County, NY
Hispanic,2017,50496,9663.0,Rensselaer County, NY
Hispanic,2017,65876,6763.000000000001,Richmond County, NY
Hispanic,2017,60036,9713.0,Rockland County, NY
Hispanic,2017,64906,28633.0,Saratoga County, NY
Hispanic,2017,41430,12717.0,Schenectady County, NY
Hispanic,2017,132879,114794.0,Steuben County, NY
Hispanic,2017,82633,11057.0,Suffolk County, NY
Hispanic,2017,39712,22955.0,Sullivan County, NY
Hispanic,2017,71423,11021.0,Ulster County, NY
Hispanic,2017,47301,45792.0,Warren County, NY
Hispanic,2017,58264,6650.0,Westchester County, NY
Total,2016,61754,2996.0,Albany County, NY
Total,2016,37525,1266.0,Bronx County, NY
Total,2016,50463,2339.0,Broome County, NY
Total,2016,46842,3719.0,Cattaraugus County, NY
Total,2016,54995,4267.0,Cayuga County, NY
Total,2016,42204,2801.0,Chautauqua County, NY
Total,2016,51269,2894.0,Chemung County, NY
Total,2016,55316,4840.0,Clinton County, NY
Total,2016,74115,3443.9999999999995,Dutchess County, NY
Total,2016,54246,1403.0,Erie County, NY
Total,2016,45624,3116.0,Jefferson County, NY
Total,2016,55150,1015.0,Kings County, NY
Total,2016,53121,4382.0,Livingston County, NY
Total,2016,60630,5537.0,Madison County, NY
Total,2016,54492,1629.0,Monroe County, NY
Total,2016,105870,1944.0,Nassau County, NY
Total,2016,77559,2469.0,New York County, NY
Total,2016,50233,2552.0,Niagara County, NY
Total,2016,52996,2024.0,Oneida County, NY
Total,2016,56991,1826.0,Onondaga County, NY
Total,2016,57448,4119.0,Ontario County, NY
Total,2016,73025,4182.0,Orange County, NY
Total,2016,53562,3096.0,Oswego County, NY
Total,2016,96992,7918.0,Putnam County, NY
Total,2016,62207,1151.0,Queens County, NY
Total,2016,65965,5829.0,Rensselaer County, NY
Total,2016,77197,4465.0,Richmond County, NY
Total,2016,85515,5870.0,Rockland County, NY
Total,2016,51592,1922.0,St. Lawrence County, NY
Total,2016,76097,3341.0,Saratoga County, NY
Total,2016,58331,4940.0,Schenectady County, NY
Total,2016,50575,2803.0,Steuben County, NY
Total,2016,92933,2401.0,Suffolk County, NY
Total,2016,50652,12310.0,Sullivan County, NY
Total,2016,56349,3335.0,Tompkins County, NY
Total,2016,62790,3777.0,Ulster County, NY
Total,2016,58061,6735.0,Warren County, NY
Total,2016,59538,4525.0,Wayne County, NY
Total,2016,89709,3205.0,Westchester County, NY
White,2016,69058,3486.0000000000005,Albany County, NY
White,2016,43019,4154.0,Bronx County, NY
White,2016,53301,2906.0,Broome County, NY
White,2016,48077,3416.0,Cattaraugus County, NY
White,2016,56373,4013.0,Cayuga County, NY
White,2016,43789,3395.0000000000005,Chautauqua County, NY
White,2016,51612,3212.0,Chemung County, NY
White,2016,55669,4442.0,Clinton County, NY
White,2016,76711,3603.0,Dutchess County, NY
White,2016,61154,1578.0,Erie County, NY
White,2016,45325,3282.0,Jefferson County, NY
White,2016,68912,2755.0,Kings County, NY
White,2016,54136,4860.0,Livingston County, NY
White,2016,60725,6548.0,Madison County, NY
White,2016,60988,1794.0,Monroe County, NY
White,2016,110903,1972.0,Nassau County, NY
White,2016,102421,3954.0,New York County, NY
White,2016,53320,3978.0,Niagara County, NY
White,2016,55096,2511.0,Oneida County, NY
White,2016,62811,2117.0,Onondaga County, NY
White,2016,59318,4362.0,Ontario County, NY
White,2016,81401,4920.0,Orange County, NY
White,2016,54023,3229.0,Oswego County, NY
White,2016,100052,8962.0,Putnam County, NY
White,2016,67709,2216.0,Queens County, NY
White,2016,69639,3441.0,Rensselaer County, NY
White,2016,81290,3343.0,Richmond County, NY
White,2016,89252,7490.999999999999,Rockland County, NY
White,2016,51826,1919.0,St. Lawrence County, NY
White,2016,75375,3702.0,Saratoga County, NY
White,2016,66117,3377.9999999999995,Schenectady County, NY
White,2016,50106,3888.0,Steuben County, NY
White,2016,94790,2733.0,Suffolk County, NY
White,2016,57978,6108.0,Sullivan County, NY
White,2016,61951,5134.0,Tompkins County, NY
White,2016,65279,3411.0,Ulster County, NY
White,2016,60139,6585.0,Warren County, NY
White,2016,59354,4772.0,Wayne County, NY
White,2016,103947,3416.0,Westchester County, NY
Black,2016,27035,7243.0,Albany County, NY
Black,2016,41675,2137.0,Bronx County, NY
Black,2016,21013,10637.0,Broome County, NY
Black,2016,6395,547.0,Cattaraugus County, NY
Black,2016,17086,7168.0,Chautauqua County, NY
Black,2016,23570,13213.0,Chemung County, NY
Black,2016,46031,16935.0,Dutchess County, NY
Black,2016,28249,2816.0,Erie County, NY
Black,2016,66866,8970.0,Jefferson County, NY
Black,2016,46132,1695.0,Kings County, NY
Black,2016,8835,5915.0,Livingston County, NY
Black,2016,30203,2521.0,Monroe County, NY
Black,2016,93547,7303.999999999999,Nassau County, NY
Black,2016,31489,2155.0,New York County, NY
Black,2016,21885,8474.0,Niagara County, NY
Black,2016,24930,9672.0,Oneida County, NY
Black,2016,26899,4395.0,Onondaga County, NY
Black,2016,20951,3093.0,Ontario County, NY
Black,2016,55009,20566.0,Orange County, NY
Black,2016,65284,2471.0,Queens County, NY
Black,2016,42480,21447.0,Rensselaer County, NY
Black,2016,49445,10551.0,Richmond County, NY
Black,2016,70363,11917.0,Rockland County, NY
Black,2016,73681,593.0,Saratoga County, NY
Black,2016,31685,11161.0,Schenectady County, NY
Black,2016,73750,71481.0,Steuben County, NY
Black,2016,73357,7639.0,Suffolk County, NY
Black,2016,21575,5421.0,Sullivan County, NY
Black,2016,25555,7039.0,Ulster County, NY
Black,2016,67482,44324.0,Wayne County, NY
Black,2016,57196,5407.0,Westchester County, NY
Native American,2016,46653,46105.0,Albany County, NY
Native American,2016,27264,14674.0,Bronx County, NY
Native American,2016,28393,11413.0,Cattaraugus County, NY
Native American,2016,26755,13926.0,Cayuga County, NY
Native American,2016,35666,18171.0,Erie County, NY
Native American,2016,41902,32177.0,Jefferson County, NY
Native American,2016,52150,14631.0,Kings County, NY
Native American,2016,80867,35050.0,Nassau County, NY
Native American,2016,50996,33124.0,Niagara County, NY
Native American,2016,39955,12779.0,Onondaga County, NY
Native American,2016,47692,30742.0,Orange County, NY
Native American,2016,18188,13590.000000000002,Oswego County, NY
Native American,2016,49091,13933.0,Queens County, NY
Native American,2016,30699,18764.0,Rensselaer County, NY
Native American,2016,250001,,Rockland County, NY
Asian,2016,66309,17972.0,Albany County, NY
Asian,2016,50285,4059.0,Bronx County, NY
Asian,2016,26165,9496.0,Broome County, NY
Asian,2016,19228,9941.0,Chautauqua County, NY
Asian,2016,110325,36182.0,Chemung County, NY
Asian,2016,116198,18547.0,Dutchess County, NY
Asian,2016,46849,16858.0,Erie County, NY
Asian,2016,60832,4004.0,Kings County, NY
Asian,2016,56184,21099.0,Monroe County, NY
Asian,2016,131321,8392.0,Nassau County, NY
Asian,2016,75588,7266.999999999999,New York County, NY
Asian,2016,42702,21121.0,Oneida County, NY
Asian,2016,50311,11230.0,Onondaga County, NY
Asian,2016,235254,206589.0,Ontario County, NY
Asian,2016,65669,36313.0,Orange County, NY
Asian,2016,210915,208938.0,Oswego County, NY
Asian,2016,55600,3210.0,Queens County, NY
Asian,2016,45195,23645.0,Rensselaer County, NY
Asian,2016,99854,5764.0,Richmond County, NY
Asian,2016,132492,31851.0,Rockland County, NY
Asian,2016,111031,38061.0,Saratoga County, NY
Asian,2016,39792,36656.0,Schenectady County, NY
Asian,2016,122575,111230.0,Steuben County, NY
Asian,2016,123621,13433.0,Suffolk County, NY
Asian,2016,30419,9954.0,Tompkins County, NY
Asian,2016,112428,14595.0,Westchester County, NY
Pacific Islander,2016,67194,37038.0,Kings County, NY
Pacific Islander,2016,2499,,New York County, NY
Other,2016,50223,38119.0,Albany County, NY
Other,2016,31508,1437.0,Bronx County, NY
Other,2016,11894,3793.0,Broome County, NY
Other,2016,43271,33681.0,Dutchess County, NY
Other,2016,18929,5114.0,Erie County, NY
Other,2016,40634,22316.0,Jefferson County, NY
Other,2016,36177,2451.0,Kings County, NY
Other,2016,70723,68161.0,Livingston County, NY
Other,2016,31163,9361.0,Monroe County, NY
Other,2016,66506,8512.0,Nassau County, NY
Other,2016,32284,3608.0,New York County, NY
Other,2016,23125,7856.0,Onondaga County, NY
Other,2016,23620,12644.0,Ontario County, NY
Other,2016,52526,15402.0,Orange County, NY
Other,2016,52826,32329.0,Putnam County, NY
Other,2016,47696,3627.0000000000014,Queens County, NY
Other,2016,52039,22913.0,Richmond County, NY
Other,2016,56430,20102.0,Rockland County, NY
Other,2016,100921,80019.0,St. Lawrence County, NY
Other,2016,76204,35024.0,Saratoga County, NY
Other,2016,30877,19153.0,Schenectady County, NY
Other,2016,66912,8649.0,Suffolk County, NY
Other,2016,22107,17615.0,Sullivan County, NY
Other,2016,26887,5692.0,Ulster County, NY
Other,2016,44459,6470.0,Westchester County, NY
Two Or More,2016,29081,28091.0,Albany County, NY
Two Or More,2016,34451,6062.0,Bronx County, NY
Two Or More,2016,40220,21521.0,Broome County, NY
Two Or More,2016,35563,12848.0,Cattaraugus County, NY
Two Or More,2016,31379,15131.999999999998,Cayuga County, NY
Two Or More,2016,47775,12225.0,Dutchess County, NY
Two Or More,2016,30291,9842.0,Erie County, NY
Two Or More,2016,42014,11301.0,Jefferson County, NY
Two Or More,2016,50651,7173.0,Kings County, NY
Two Or More,2016,14012,12764.0,Livingston County, NY
Two Or More,2016,35142,20392.0,Madison County, NY
Two Or More,2016,75750,18143.0,Nassau County, NY
Two Or More,2016,60353,11894.0,New York County, NY
Two Or More,2016,36602,11766.0,Niagara County, NY
Two Or More,2016,36523,23591.0,Oneida County, NY
Two Or More,2016,39964,22403.0,Onondaga County, NY
Two Or More,2016,52218,33291.0,Orange County, NY
Two Or More,2016,25625,21299.0,Oswego County, NY
Two Or More,2016,135805,26826.0,Putnam County, NY
Two Or More,2016,71924,12623.0,Queens County, NY
Two Or More,2016,26831,21054.0,Rensselaer County, NY
Two Or More,2016,68974,26833.0,Richmond County, NY
Two Or More,2016,91907,37452.0,Rockland County, NY
Two Or More,2016,55284,34652.0,St. Lawrence County, NY
Two Or More,2016,122592,100661.0,Saratoga County, NY
Two Or More,2016,26674,19788.0,Schenectady County, NY
Two Or More,2016,101613,14491.0,Suffolk County, NY
Two Or More,2016,100071,97868.0,Sullivan County, NY
Two Or More,2016,41116,36470.0,Ulster County, NY
Two Or More,2016,47890,25322.0,Warren County, NY
Two Or More,2016,101086,29736.0,Wayne County, NY
Two Or More,2016,86321,26737.0,Westchester County, NY
White Non-Hispanic,2016,69531,3334.0,Albany County, NY
White Non-Hispanic,2016,57362,5193.0,Bronx County, NY
White Non-Hispanic,2016,53666,3103.0,Broome County, NY
White Non-Hispanic,2016,48342,3235.0,Cattaraugus County, NY
White Non-Hispanic,2016,56602,4075.0,Cayuga County, NY
White Non-Hispanic,2016,44913,2938.0,Chautauqua County, NY
White Non-Hispanic,2016,51580,3076.0,Chemung County, NY
White Non-Hispanic,2016,55505,4657.0,Clinton County, NY
White Non-Hispanic,2016,76777,3554.0,Dutchess County, NY
White Non-Hispanic,2016,61847,1569.0,Erie County, NY
White Non-Hispanic,2016,45772,3235.0,Jefferson County, NY
White Non-Hispanic,2016,75144,2461.0,Kings County, NY
White Non-Hispanic,2016,53871,4681.0,Livingston County, NY
White Non-Hispanic,2016,62182,6391.0,Madison County, NY
White Non-Hispanic,2016,62464,2176.0,Monroe County, NY
White Non-Hispanic,2016,111961,1964.0,Nassau County, NY
White Non-Hispanic,2016,116359,4128.0,New York County, NY
White Non-Hispanic,2016,53238,4015.0,Niagara County, NY
White Non-Hispanic,2016,56316,2792.0,Oneida County, NY
White Non-Hispanic,2016,63414,2206.0,Onondaga County, NY
White Non-Hispanic,2016,58759,4454.0,Ontario County, NY
White Non-Hispanic,2016,81106,4815.0,Orange County, NY
White Non-Hispanic,2016,53709,3334.0,Oswego County, NY
White Non-Hispanic,2016,99676,9266.0,Putnam County, NY
White Non-Hispanic,2016,71770,1703.0,Queens County, NY
White Non-Hispanic,2016,69982,3318.0,Rensselaer County, NY
White Non-Hispanic,2016,85662,4113.0,Richmond County, NY
White Non-Hispanic,2016,91421,7168.0,Rockland County, NY
White Non-Hispanic,2016,51919,1932.0,St. Lawrence County, NY
White Non-Hispanic,2016,75004,3738.0,Saratoga County, NY
White Non-Hispanic,2016,66792,3189.0,Schenectady County, NY
White Non-Hispanic,2016,50131,3774.0000000000014,Steuben County, NY
White Non-Hispanic,2016,98065,2569.0,Suffolk County, NY
White Non-Hispanic,2016,59292,6523.0,Sullivan County, NY
White Non-Hispanic,2016,61109,4819.0,Tompkins County, NY
White Non-Hispanic,2016,65676,3333.0,Ulster County, NY
White Non-Hispanic,2016,60227,6536.0,Warren County, NY
White Non-Hispanic,2016,59753,4631.0,Wayne County, NY
White Non-Hispanic,2016,111119,4157.0,Westchester County, NY
Hispanic,2016,36137,6215.0,Albany County, NY
Hispanic,2016,31978,977.0,Bronx County, NY
Hispanic,2016,17190,9679.0,Broome County, NY
Hispanic,2016,34773,5266.0,Cattaraugus County, NY
Hispanic,2016,19188,13205.0,Chautauqua County, NY
Hispanic,2016,71033,39654.0,Chemung County, NY
Hispanic,2016,65757,13181.0,Dutchess County, NY
Hispanic,2016,24348,7201.999999999999,Erie County, NY
Hispanic,2016,40862,13288.0,Jefferson County, NY
Hispanic,2016,38747,2200.0,Kings County, NY
Hispanic,2016,75666,12366.0,Livingston County, NY
Hispanic,2016,50425,22998.0,Madison County, NY
Hispanic,2016,26731,3043.0,Monroe County, NY
Hispanic,2016,80390,5890.0,Nassau County, NY
Hispanic,2016,35994,3514.0,New York County, NY
Hispanic,2016,69837,51777.0,Niagara County, NY
Hispanic,2016,25233,18135.0,Oneida County, NY
Hispanic,2016,36820,9777.0,Onondaga County, NY
Hispanic,2016,32021,24424.0,Ontario County, NY
Hispanic,2016,55922,7876.0,Orange County, NY
Hispanic,2016,52415,21165.0,Oswego County, NY
Hispanic,2016,76325,32122.0,Putnam County, NY
Hispanic,2016,52705,2749.0,Queens County, NY
Hispanic,2016,42731,35107.0,Rensselaer County, NY
Hispanic,2016,51126,6899.0,Richmond County, NY
Hispanic,2016,56857,13927.0,Rockland County, NY
Hispanic,2016,90191,22889.0,Saratoga County, NY
Hispanic,2016,37353,28906.000000000004,Schenectady County, NY
Hispanic,2016,35446,11364.0,Steuben County, NY
Hispanic,2016,74245,5717.0,Suffolk County, NY
Hispanic,2016,36172,18367.0,Sullivan County, NY
Hispanic,2016,42138,15567.0,Ulster County, NY
Hispanic,2016,36823,6153.0,Wayne County, NY
Hispanic,2016,54861,4279.0,Westchester County, NY
Total,2015,57042,2650.0,Albany County, NY
Total,2015,35176,1392.0,Bronx County, NY
Total,2015,46152,2449.0,Broome County, NY
Total,2015,40016,2369.0,Cattaraugus County, NY
Total,2015,53146,3745.0,Cayuga County, NY
Total,2015,44460,2933.0,Chautauqua County, NY
Total,2015,53119,3960.0,Chemung County, NY
Total,2015,45377,3652.0,Clinton County, NY
Total,2015,71864,3327.0,Dutchess County, NY
Total,2015,52214,1164.0,Erie County, NY
Total,2015,51107,2803.0,Jefferson County, NY
Total,2015,51141,566.0,Kings County, NY
Total,2015,53441,5497.0,Livingston County, NY
Total,2015,60286,3760.0,Madison County, NY
Total,2015,54077,1923.0,Monroe County, NY
Total,2015,101830,1439.0,Nassau County, NY
Total,2015,75575,2566.0,New York County, NY
Total,2015,48160,3623.0,Niagara County, NY
Total,2015,48023,3974.0,Oneida County, NY
Total,2015,57365,1560.0,Onondaga County, NY
Total,2015,57711,4464.0,Ontario County, NY
Total,2015,73031,4374.0,Orange County, NY
Total,2015,49767,2541.0,Oswego County, NY
Total,2015,90538,6426.0,Putnam County, NY
Total,2015,60422,723.0,Queens County, NY
Total,2015,60810,3046.0,Rensselaer County, NY
Total,2015,71622,2532.0,Richmond County, NY
Total,2015,85392,3580.0,Rockland County, NY
Total,2015,42144,3026.0,St. Lawrence County, NY
Total,2015,75761,4256.0,Saratoga County, NY
Total,2015,61108,3920.0,Schenectady County, NY
Total,2015,47146,3242.0,Steuben County, NY
Total,2015,88340,2415.0,Suffolk County, NY
Total,2015,51761,6091.0,Sullivan County, NY
Total,2015,58084,4517.0,Tompkins County, NY
Total,2015,59758,3903.0,Ulster County, NY
Total,2015,57541,6892.999999999999,Warren County, NY
Total,2015,50561,2727.0,Wayne County, NY
Total,2015,86108,3303.0,Westchester County, NY
White,2015,62917,4663.0,Albany County, NY
White,2015,43152,3322.0,Bronx County, NY
White,2015,47725,3850.0000000000014,Broome County, NY
White,2015,40535,2401.0,Cattaraugus County, NY
White,2015,52926,3611.0,Cayuga County, NY
White,2015,45237,3158.0,Chautauqua County, NY
White,2015,54285,3935.0,Chemung County, NY
White,2015,46096,3870.0000000000014,Clinton County, NY
White,2015,75359,3886.0000000000014,Dutchess County, NY
White,2015,60166,1762.0,Erie County, NY
White,2015,52677,2871.0,Jefferson County, NY
White,2015,63096,1842.0,Kings County, NY
White,2015,53916,6551.0,Livingston County, NY
White,2015,59775,3451.0,Madison County, NY
White,2015,61486,1630.0,Monroe County, NY
White,2015,105992,2604.0,Nassau County, NY
White,2015,101081,1342.0,New York County, NY
White,2015,52777,3080.0,Niagara County, NY
White,2015,50918,1852.0,Oneida County, NY
White,2015,61723,1503.0,Onondaga County, NY
White,2015,59331,4339.0,Ontario County, NY
White,2015,76937,3684.0,Orange County, NY
White,2015,50155,2530.0,Oswego County, NY
White,2015,93528,6458.0,Putnam County, NY
White,2015,64253,2274.0,Queens County, NY
White,2015,61814,2824.0,Rensselaer County, NY
White,2015,77498,3713.0000000000014,Richmond County, NY
White,2015,89196,4890.0,Rockland County, NY
White,2015,42285,3172.0,St. Lawrence County, NY
White,2015,74644,4751.0,Saratoga County, NY
White,2015,64239,6376.0,Schenectady County, NY
White,2015,46536,2927.0,Steuben County, NY
White,2015,90895,1267.0,Suffolk County, NY
White,2015,56034,5870.0,Sullivan County, NY
White,2015,61024,5881.0,Tompkins County, NY
White,2015,61320,2202.0,Ulster County, NY
White,2015,60143,6774.0,Warren County, NY
White,2015,50917,2881.0,Wayne County, NY
White,2015,100532,2556.0,Westchester County, NY
Black,2015,27863,3123.0,Albany County, NY
Black,2015,36364,1737.0,Bronx County, NY
Black,2015,24002,11260.0,Broome County, NY
Black,2015,60743,27244.0,Cayuga County, NY
Black,2015,18326,6062.0,Chautauqua County, NY
Black,2015,34363,19806.0,Chemung County, NY
Black,2015,43812,20347.0,Clinton County, NY
Black,2015,46242,10739.0,Dutchess County, NY
Black,2015,27521,2527.0,Erie County, NY
Black,2015,46148,24211.0,Jefferson County, NY
Black,2015,41668,1273.0,Kings County, NY
Black,2015,28775,3779.0000000000014,Monroe County, NY
Black,2015,84080,5874.0,Nassau County, NY
Black,2015,32329,2810.0,New York County, NY
Black,2015,20888,5205.0,Niagara County, NY
Black,2015,25438,7061.0,Oneida County, NY
Black,2015,35464,3742.0,Onondaga County, NY
Black,2015,40985,8313.0,Ontario County, NY
Black,2015,62549,7505.0,Orange County, NY
Black,2015,62374,2520.0,Queens County, NY
Black,2015,41773,11881.0,Rensselaer County, NY
Black,2015,41543,4752.0,Richmond County, NY
Black,2015,70860,11684.0,Rockland County, NY
Black,2015,57287,16588.0,Saratoga County, NY
Black,2015,36453,17488.0,Schenectady County, NY
Black,2015,62257,42708.0,Steuben County, NY
Black,2015,70992,7113.0,Suffolk County, NY
Black,2015,34421,26940.0,Sullivan County, NY
Black,2015,32771,7824.999999999999,Ulster County, NY
Black,2015,48328,41899.0,Wayne County, NY
Black,2015,59169,5003.0,Westchester County, NY
Native American,2015,36586,11633.0,Bronx County, NY
Native American,2015,26509,7767.0,Cattaraugus County, NY
Native American,2015,20071,13016.0,Erie County, NY
Native American,2015,28191,15460.000000000002,Kings County, NY
Native American,2015,35642,15443.0,Monroe County, NY
Native American,2015,60563,32257.0,Nassau County, NY
Native American,2015,59966,29191.0,New York County, NY
Native American,2015,13837,5777.0,Niagara County, NY
Native American,2015,61461,30095.0,Onondaga County, NY
Native American,2015,39059,18125.0,Queens County, NY
Native American,2015,50523,35197.0,St. Lawrence County, NY
Native American,2015,93750,69048.0,Suffolk County, NY
Native American,2015,54500,49493.0,Wayne County, NY
Asian,2015,80481,25248.0,Albany County, NY
Asian,2015,52120,11842.0,Bronx County, NY
Asian,2015,40013,17229.0,Broome County, NY
Asian,2015,60568,13834.0,Cattaraugus County, NY
Asian,2015,76285,692.0,Cayuga County, NY
Asian,2015,74825,15408.0,Chemung County, NY
Asian,2015,32841,11559.0,Clinton County, NY
Asian,2015,107415,22620.0,Dutchess County, NY
Asian,2015,43414,13740.000000000002,Erie County, NY
Asian,2015,54830,3565.0,Kings County, NY
Asian,2015,57342,14164.000000000002,Monroe County, NY
Asian,2015,127712,10635.0,Nassau County, NY
Asian,2015,72832,7503.000000000001,New York County, NY
Asian,2015,81300,36551.0,Niagara County, NY
Asian,2015,40868,15185.0,Oneida County, NY
Asian,2015,47117,19429.0,Onondaga County, NY
Asian,2015,101289,101619.0,Ontario County, NY
Asian,2015,118919,34776.0,Orange County, NY
Asian,2015,36190,21621.0,Oswego County, NY
Asian,2015,58040,2807.0,Queens County, NY
Asian,2015,48229,41366.0,Rensselaer County, NY
Asian,2015,71398,10349.0,Richmond County, NY
Asian,2015,106503,15113.0,Rockland County, NY
Asian,2015,51369,14742.000000000002,St. Lawrence County, NY
Asian,2015,101085,18710.0,Saratoga County, NY
Asian,2015,94828,54617.0,Schenectady County, NY
Asian,2015,133091,25578.0,Steuben County, NY
Asian,2015,95590,14636.0,Suffolk County, NY
Asian,2015,58097,28867.0,Sullivan County, NY
Asian,2015,58394,21888.0,Tompkins County, NY
Asian,2015,48853,37736.0,Ulster County, NY
Asian,2015,66019,65585.0,Warren County, NY
Asian,2015,114637,13033.0,Westchester County, NY
Pacific Islander,2015,54075,19376.0,Queens County, NY
Pacific Islander,2015,98554,96221.0,Westchester County, NY
Other,2015,27293,1852.0,Bronx County, NY
Other,2015,23134,2719.0,Broome County, NY
Other,2015,44020,29673.000000000004,Cattaraugus County, NY
Other,2015,23586,12053.0,Cayuga County, NY
Other,2015,44593,20690.0,Chautauqua County, NY
Other,2015,60959,20120.0,Dutchess County, NY
Other,2015,19360,4036.0,Erie County, NY
Other,2015,35734,2903.0,Kings County, NY
Other,2015,28328,5989.0,Monroe County, NY
Other,2015,60102,4210.0,Nassau County, NY
Other,2015,31360,4180.0,New York County, NY
Other,2015,11848,2048.0,Niagara County, NY
Other,2015,21250,10124.0,Oneida County, NY
Other,2015,51025,15101.999999999998,Orange County, NY
Other,2015,15608,8811.0,Oswego County, NY
Other,2015,45877,2145.0,Queens County, NY
Other,2015,29034,13755.000000000002,Richmond County, NY
Other,2015,53688,22608.0,Rockland County, NY
Other,2015,85807,19829.0,Saratoga County, NY
Other,2015,48282,3877.0,Schenectady County, NY
Other,2015,73792,7433.999999999999,Suffolk County, NY
Other,2015,34505,20435.0,Ulster County, NY
Other,2015,19556,16790.0,Wayne County, NY
Other,2015,49347,5229.0,Westchester County, NY
Two Or More,2015,46837,5995.0,Bronx County, NY
Two Or More,2015,32368,24381.0,Broome County, NY
Two Or More,2015,21250,9855.0,Cattaraugus County, NY
Two Or More,2015,62750,28776.000000000004,Cayuga County, NY
Two Or More,2015,61071,8831.0,Chautauqua County, NY
Two Or More,2015,87798,64951.0,Chemung County, NY
Two Or More,2015,33397,20382.0,Dutchess County, NY
Two Or More,2015,49081,24121.0,Erie County, NY
Two Or More,2015,25483,16965.0,Jefferson County, NY
Two Or More,2015,56079,6396.0,Kings County, NY
Two Or More,2015,35722,10823.0,Monroe County, NY
Two Or More,2015,76498,18066.0,Nassau County, NY
Two Or More,2015,60791,6483.0,New York County, NY
Two Or More,2015,22767,3847.0,Niagara County, NY
Two Or More,2015,20938,20531.0,Oneida County, NY
Two Or More,2015,39772,25305.0,Onondaga County, NY
Two Or More,2015,13828,2949.0,Ontario County, NY
Two Or More,2015,66090,43434.0,Orange County, NY
Two Or More,2015,42739,28014.0,Oswego County, NY
Two Or More,2015,65575,7811.0,Queens County, NY
Two Or More,2015,56357,38492.0,Rensselaer County, NY
Two Or More,2015,57642,24525.0,Richmond County, NY
Two Or More,2015,75601,9641.0,Rockland County, NY
Two Or More,2015,88798,51513.0,Saratoga County, NY
Two Or More,2015,37940,33526.0,Schenectady County, NY
Two Or More,2015,86815,14465.0,Suffolk County, NY
Two Or More,2015,28219,9713.0,Sullivan County, NY
Two Or More,2015,57444,9647.0,Ulster County, NY
Two Or More,2015,103845,81657.0,Wayne County, NY
Two Or More,2015,76290,25308.0,Westchester County, NY
White Non-Hispanic,2015,65188,4798.0,Albany County, NY
White Non-Hispanic,2015,57875,4922.0,Bronx County, NY
White Non-Hispanic,2015,47512,3722.0,Broome County, NY
White Non-Hispanic,2015,40901,2461.0,Cattaraugus County, NY
White Non-Hispanic,2015,53094,3680.0,Cayuga County, NY
White Non-Hispanic,2015,46642,2948.0,Chautauqua County, NY
White Non-Hispanic,2015,54976,3842.0,Chemung County, NY
White Non-Hispanic,2015,46033,3966.0,Clinton County, NY
White Non-Hispanic,2015,74775,3893.0,Dutchess County, NY
White Non-Hispanic,2015,60434,1643.0,Erie County, NY
White Non-Hispanic,2015,52793,3111.0,Jefferson County, NY
White Non-Hispanic,2015,68252,2405.0,Kings County, NY
White Non-Hispanic,2015,54464,6926.0,Livingston County, NY
White Non-Hispanic,2015,59923,3616.0,Madison County, NY
White Non-Hispanic,2015,63465,2516.0,Monroe County, NY
White Non-Hispanic,2015,107102,2921.0,Nassau County, NY
White Non-Hispanic,2015,110445,4970.0,New York County, NY
White Non-Hispanic,2015,53425,3405.0000000000005,Niagara County, NY
White Non-Hispanic,2015,51310,1899.0,Oneida County, NY
White Non-Hispanic,2015,62046,1716.9999999999998,Onondaga County, NY
White Non-Hispanic,2015,60240,4145.0,Ontario County, NY
White Non-Hispanic,2015,76729,3807.0,Orange County, NY
White Non-Hispanic,2015,49991,2504.0,Oswego County, NY
White Non-Hispanic,2015,95125,7468.000000000001,Putnam County, NY
White Non-Hispanic,2015,67493,2405.0,Queens County, NY
White Non-Hispanic,2015,62074,2795.0,Rensselaer County, NY
White Non-Hispanic,2015,81401,2852.0,Richmond County, NY
White Non-Hispanic,2015,90608,4136.0,Rockland County, NY
White Non-Hispanic,2015,42177,3045.0,St. Lawrence County, NY
White Non-Hispanic,2015,73831,4540.0,Saratoga County, NY
White Non-Hispanic,2015,64780,6327.0,Schenectady County, NY
White Non-Hispanic,2015,46726,2893.0,Steuben County, NY
White Non-Hispanic,2015,92105,1630.0,Suffolk County, NY
White Non-Hispanic,2015,59600,6453.0,Sullivan County, NY
White Non-Hispanic,2015,61064,5483.0,Tompkins County, NY
White Non-Hispanic,2015,61662,2251.0,Ulster County, NY
White Non-Hispanic,2015,59217,6899.0,Warren County, NY
White Non-Hispanic,2015,51094,2897.0,Wayne County, NY
White Non-Hispanic,2015,108828,5186.0,Westchester County, NY
Hispanic,2015,30700,27764.0,Albany County, NY
Hispanic,2015,29213,1850.0,Bronx County, NY
Hispanic,2015,30516,15948.999999999998,Broome County, NY
Hispanic,2015,15788,8404.0,Cattaraugus County, NY
Hispanic,2015,28339,5190.0,Cayuga County, NY
Hispanic,2015,45709,19863.0,Clinton County, NY
Hispanic,2015,71115,18443.0,Dutchess County, NY
Hispanic,2015,26172,4797.0,Erie County, NY
Hispanic,2015,44682,18498.0,Jefferson County, NY
Hispanic,2015,37848,2089.0,Kings County, NY
Hispanic,2015,50859,6018.0,Madison County, NY
Hispanic,2015,30387,3328.0,Monroe County, NY
Hispanic,2015,77240,9055.0,Nassau County, NY
Hispanic,2015,33815,2406.0,New York County, NY
Hispanic,2015,14199,10216.0,Niagara County, NY
Hispanic,2015,23209,1990.0,Oneida County, NY
Hispanic,2015,43787,7884.0,Onondaga County, NY
Hispanic,2015,31794,9724.0,Ontario County, NY
Hispanic,2015,60366,5415.0,Orange County, NY
Hispanic,2015,61000,39741.0,Putnam County, NY
Hispanic,2015,52114,1607.0,Queens County, NY
Hispanic,2015,32686,26742.0,Rensselaer County, NY
Hispanic,2015,45411,7976.999999999999,Richmond County, NY
Hispanic,2015,54852,22802.0,Rockland County, NY
Hispanic,2015,108056,12538.0,Saratoga County, NY
Hispanic,2015,41415,4715.0,Schenectady County, NY
Hispanic,2015,21069,3980.0,Steuben County, NY
Hispanic,2015,77384,5552.0,Suffolk County, NY
Hispanic,2015,29785,4761.0,Sullivan County, NY
Hispanic,2015,41801,22782.0,Tompkins County, NY
Hispanic,2015,45687,7224.000000000001,Ulster County, NY
Hispanic,2015,32256,26334.0,Wayne County, NY
Hispanic,2015,54181,3990.0,Westchester County, NY
Total,2014,60655,2074.0,Albany County, NY
Total,2014,33712,1709.0,Bronx County, NY
Total,2014,46776,2902.0,Broome County, NY
Total,2014,44320,3350.0,Cattaraugus County, NY
Total,2014,53780,2675.0,Cayuga County, NY
Total,2014,41808,1825.0,Chautauqua County, NY
Total,2014,50232,3882.0,Chemung County, NY
Total,2014,53575,4245.0,Clinton County, NY
Total,2014,71165,2168.0,Dutchess County, NY
Total,2014,50132,1084.0,Erie County, NY
Total,2014,51086,3265.0,Jefferson County, NY
Total,2014,47966,1220.0,Kings County, NY
Total,2014,48456,3828.0,Livingston County, NY
Total,2014,51873,3738.0,Madison County, NY
Total,2014,51217,1252.0,Monroe County, NY
Total,2014,99035,2477.0,Nassau County, NY
Total,2014,76089,2016.0,New York County, NY
Total,2014,49700,3044.0,Niagara County, NY
Total,2014,48803,2164.0,Oneida County, NY
Total,2014,52947,1790.0,Onondaga County, NY
Total,2014,59093,4920.0,Ontario County, NY
Total,2014,70240,3293.0,Orange County, NY
Total,2014,47013,4100.0,Oswego County, NY
Total,2014,97483,8664.0,Putnam County, NY
Total,2014,57241,1195.0,Queens County, NY
Total,2014,61457,4129.0,Rensselaer County, NY
Total,2014,71121,3055.0,Richmond County, NY
Total,2014,85037,4694.0,Rockland County, NY
Total,2014,43758,3078.0,St. Lawrence County, NY
Total,2014,72354,3856.0,Saratoga County, NY
Total,2014,57587,4390.0,Schenectady County, NY
Total,2014,46889,2165.0,Steuben County, NY
Total,2014,86266,1774.9999999999998,Suffolk County, NY
Total,2014,53219,7066.0,Sullivan County, NY
Total,2014,52885,6027.0,Tompkins County, NY
Total,2014,58093,4824.0,Ulster County, NY
Total,2014,57294,4794.0,Warren County, NY
Total,2014,45951,4566.0,Wayne County, NY
Total,2014,83477,2590.0,Westchester County, NY
White,2014,67740,3086.0,Albany County, NY
White,2014,43990,3211.0,Bronx County, NY
White,2014,49799,3135.0,Broome County, NY
White,2014,44598,3670.0,Cattaraugus County, NY
White,2014,54035,2502.0,Cayuga County, NY
White,2014,42288,2151.0,Chautauqua County, NY
White,2014,51151,3450.0000000000005,Chemung County, NY
White,2014,54321,5211.0,Clinton County, NY
White,2014,73202,4299.0,Dutchess County, NY
White,2014,56382,1436.0,Erie County, NY
White,2014,53584,3382.9999999999995,Jefferson County, NY
White,2014,61061,1089.0,Kings County, NY
White,2014,49706,3557.0,Livingston County, NY
White,2014,52565,4054.0,Madison County, NY
White,2014,57153,1742.0,Monroe County, NY
White,2014,102443,2261.0,Nassau County, NY
White,2014,101842,1725.0000000000002,New York County, NY
White,2014,52021,2735.0,Niagara County, NY
White,2014,51025,2445.0,Oneida County, NY
White,2014,57149,1724.0,Onondaga County, NY
White,2014,60188,4357.0,Ontario County, NY
White,2014,76237,2988.0,Orange County, NY
White,2014,48206,4537.0,Oswego County, NY
White,2014,100295,9519.0,Putnam County, NY
White,2014,61228,1217.0,Queens County, NY
White,2014,64189,2809.0,Rensselaer County, NY
White,2014,78425,4217.0,Richmond County, NY
White,2014,88938,4181.0,Rockland County, NY
White,2014,43820,3082.0,St. Lawrence County, NY
White,2014,71672,3432.0,Saratoga County, NY
White,2014,60851,2744.0,Schenectady County, NY
White,2014,46923,2216.0,Steuben County, NY
White,2014,89605,2064.0,Suffolk County, NY
White,2014,53029,7809.0,Sullivan County, NY
White,2014,59394,4952.0,Tompkins County, NY
White,2014,60541,3400.0000000000005,Ulster County, NY
White,2014,57823,4672.0,Warren County, NY
White,2014,46818,4867.0,Wayne County, NY
White,2014,95641,3126.0,Westchester County, NY
Black,2014,32280,5389.0,Albany County, NY
Black,2014,37876,1415.0,Bronx County, NY
Black,2014,17633,2994.0,Broome County, NY
Black,2014,95873,56476.00000000001,Cattaraugus County, NY
Black,2014,29744,25671.0,Cayuga County, NY
Black,2014,10876,10257.0,Chautauqua County, NY
Black,2014,69124,40229.0,Clinton County, NY
Black,2014,44691,7686.0,Dutchess County, NY
Black,2014,29402,3685.0,Erie County, NY
Black,2014,31376,4814.0,Jefferson County, NY
Black,2014,39943,1006.0,Kings County, NY
Black,2014,18561,7395.0,Livingston County, NY
Black,2014,24758,2111.0,Monroe County, NY
Black,2014,82448,7529.0,Nassau County, NY
Black,2014,35275,3099.0,New York County, NY
Black,2014,27439,9551.0,Niagara County, NY
Black,2014,27517,13973.0,Oneida County, NY
Black,2014,27409,3694.0,Onondaga County, NY
Black,2014,29651,10781.0,Ontario County, NY
Black,2014,60963,9068.0,Orange County, NY
Black,2014,23615,23479.0,Oswego County, NY
Black,2014,78601,42418.0,Putnam County, NY
Black,2014,56756,2882.0,Queens County, NY
Black,2014,22585,6145.0,Rensselaer County, NY
Black,2014,37509,14505.0,Richmond County, NY
Black,2014,69149,12486.0,Rockland County, NY
Black,2014,81058,53437.0,Saratoga County, NY
Black,2014,32178,3975.0,Schenectady County, NY
Black,2014,67498,7057.000000000001,Suffolk County, NY
Black,2014,27401,8221.0,Ulster County, NY
Black,2014,28003,7687.999999999999,Wayne County, NY
Black,2014,51653,4478.0,Westchester County, NY
Native American,2014,35040,28365.0,Bronx County, NY
Native American,2014,15448,2135.0,Broome County, NY
Native American,2014,22261,14920.0,Cattaraugus County, NY
Native American,2014,60278,35964.0,Cayuga County, NY
Native American,2014,22657,4089.0,Erie County, NY
Native American,2014,33568,17006.0,Kings County, NY
Native American,2014,45294,23801.0,Madison County, NY
Native American,2014,18898,8820.0,Monroe County, NY
Native American,2014,50134,21417.0,New York County, NY
Native American,2014,30297,10272.0,Niagara County, NY
Native American,2014,50205,47845.0,Oneida County, NY
Native American,2014,46742,30819.000000000004,Onondaga County, NY
Native American,2014,77569,4798.0,Orange County, NY
Native American,2014,56148,20940.0,Queens County, NY
Native American,2014,167043,59922.0,Rockland County, NY
Native American,2014,74672,50432.0,Suffolk County, NY
Native American,2014,53666,10097.0,Westchester County, NY
Asian,2014,69653,39128.0,Albany County, NY
Asian,2014,41776,6723.0,Bronx County, NY
Asian,2014,46353,19336.0,Broome County, NY
Asian,2014,250001,,Cattaraugus County, NY
Asian,2014,250001,,Chemung County, NY
Asian,2014,2499,,Clinton County, NY
Asian,2014,99878,25754.0,Dutchess County, NY
Asian,2014,46468,9374.0,Erie County, NY
Asian,2014,44146,34040.0,Jefferson County, NY
Asian,2014,50217,2328.0,Kings County, NY
Asian,2014,77192,46373.0,Madison County, NY
Asian,2014,57438,16790.0,Monroe County, NY
Asian,2014,118316,9240.0,Nassau County, NY
Asian,2014,72329,8093.0,New York County, NY
Asian,2014,36250,11197.0,Niagara County, NY
Asian,2014,30524,7575.999999999999,Oneida County, NY
Asian,2014,28188,11834.0,Onondaga County, NY
Asian,2014,68654,33631.0,Orange County, NY
Asian,2014,66750,10176.0,Oswego County, NY
Asian,2014,55129,2383.0,Queens County, NY
Asian,2014,63122,23246.0,Rensselaer County, NY
Asian,2014,57224,14622.000000000002,Richmond County, NY
Asian,2014,110506,11759.0,Rockland County, NY
Asian,2014,23915,10262.0,St. Lawrence County, NY
Asian,2014,90407,21411.0,Saratoga County, NY
Asian,2014,74535,23952.0,Schenectady County, NY
Asian,2014,86946,10026.0,Steuben County, NY
Asian,2014,94798,23283.0,Suffolk County, NY
Asian,2014,250001,,Sullivan County, NY
Asian,2014,26661,8782.0,Tompkins County, NY
Asian,2014,120102,8073.0,Westchester County, NY
Pacific Islander,2014,2499,,Bronx County, NY
Other,2014,42603,23714.0,Albany County, NY
Other,2014,26141,1458.0,Bronx County, NY
Other,2014,95459,56510.99999999999,Cayuga County, NY
Other,2014,23798,23432.0,Chautauqua County, NY
Other,2014,44253,26868.0,Dutchess County, NY
Other,2014,16559,4923.0,Erie County, NY
Other,2014,34286,10301.0,Jefferson County, NY
Other,2014,34635,2941.0,Kings County, NY
Other,2014,24834,18667.0,Monroe County, NY
Other,2014,51325,7774.999999999999,Nassau County, NY
Other,2014,35402,3197.0,New York County, NY
Other,2014,40282,28929.0,Niagara County, NY
Other,2014,20101,12131.0,Oneida County, NY
Other,2014,15041,12449.0,Onondaga County, NY
Other,2014,64038,28066.0,Ontario County, NY
Other,2014,45264,13407.0,Orange County, NY
Other,2014,94815,67581.0,Putnam County, NY
Other,2014,48992,4094.0,Queens County, NY
Other,2014,33340,11833.0,Rensselaer County, NY
Other,2014,39779,12824.0,Richmond County, NY
Other,2014,42227,17196.0,Rockland County, NY
Other,2014,81676,10406.0,Saratoga County, NY
Other,2014,45341,18696.0,Schenectady County, NY
Other,2014,58496,8162.0,Suffolk County, NY
Other,2014,54989,23063.0,Sullivan County, NY
Other,2014,54478,4572.0,Westchester County, NY
Two Or More,2014,31946,7969.000000000001,Albany County, NY
Two Or More,2014,31092,6490.0,Bronx County, NY
Two Or More,2014,31250,30045.0,Cattaraugus County, NY
Two Or More,2014,33438,13203.0,Cayuga County, NY
Two Or More,2014,40417,28804.0,Chautauqua County, NY
Two Or More,2014,62926,9934.0,Dutchess County, NY
Two Or More,2014,36726,8203.0,Erie County, NY
Two Or More,2014,40541,9165.0,Jefferson County, NY
Two Or More,2014,48291,8510.0,Kings County, NY
Two Or More,2014,51745,22960.0,Livingston County, NY
Two Or More,2014,44688,14577.999999999998,Monroe County, NY
Two Or More,2014,78323,12309.0,Nassau County, NY
Two Or More,2014,46381,14318.999999999998,New York County, NY
Two Or More,2014,55679,39263.0,Niagara County, NY
Two Or More,2014,74205,37642.0,Oneida County, NY
Two Or More,2014,45795,28070.0,Onondaga County, NY
Two Or More,2014,32852,6616.0,Ontario County, NY
Two Or More,2014,57191,17271.0,Orange County, NY
Two Or More,2014,27447,14488.999999999998,Oswego County, NY
Two Or More,2014,118202,58090.00000000001,Putnam County, NY
Two Or More,2014,61477,7645.000000000001,Queens County, NY
Two Or More,2014,31198,2935.0,Rensselaer County, NY
Two Or More,2014,82347,33301.0,Rockland County, NY
Two Or More,2014,54867,32665.000000000004,St. Lawrence County, NY
Two Or More,2014,65617,47906.0,Suffolk County, NY
Two Or More,2014,45505,18594.0,Ulster County, NY
Two Or More,2014,100699,29613.000000000004,Westchester County, NY
White Non-Hispanic,2014,67682,3090.0,Albany County, NY
White Non-Hispanic,2014,57129,7783.0,Bronx County, NY
White Non-Hispanic,2014,50125,2937.0,Broome County, NY
White Non-Hispanic,2014,44612,3650.0,Cattaraugus County, NY
White Non-Hispanic,2014,53949,2506.0,Cayuga County, NY
White Non-Hispanic,2014,42722,2487.0,Chautauqua County, NY
White Non-Hispanic,2014,51426,3533.0,Chemung County, NY
White Non-Hispanic,2014,54402,5263.0,Clinton County, NY
White Non-Hispanic,2014,73744,4109.0,Dutchess County, NY
White Non-Hispanic,2014,56523,1442.0,Erie County, NY
White Non-Hispanic,2014,54038,3457.0,Jefferson County, NY
White Non-Hispanic,2014,65618,1882.0,Kings County, NY
White Non-Hispanic,2014,50489,3360.0,Livingston County, NY
White Non-Hispanic,2014,52475,4047.0000000000014,Madison County, NY
White Non-Hispanic,2014,58775,1794.0,Monroe County, NY
White Non-Hispanic,2014,103119,2614.0,Nassau County, NY
White Non-Hispanic,2014,111967,4098.0,New York County, NY
White Non-Hispanic,2014,52629,2904.0,Niagara County, NY
White Non-Hispanic,2014,51520,2414.0,Oneida County, NY
White Non-Hispanic,2014,57409,1855.0,Onondaga County, NY
White Non-Hispanic,2014,60432,4038.0,Ontario County, NY
White Non-Hispanic,2014,75977,3136.0,Orange County, NY
White Non-Hispanic,2014,48761,4455.0,Oswego County, NY
White Non-Hispanic,2014,103474,6678.0,Putnam County, NY
White Non-Hispanic,2014,66125,1848.0,Queens County, NY
White Non-Hispanic,2014,64600,2764.0,Rensselaer County, NY
White Non-Hispanic,2014,80346,3838.0,Richmond County, NY
White Non-Hispanic,2014,90759,3598.0,Rockland County, NY
White Non-Hispanic,2014,43802,3079.0,St. Lawrence County, NY
White Non-Hispanic,2014,71607,3435.0000000000005,Saratoga County, NY
White Non-Hispanic,2014,61573,2546.0,Schenectady County, NY
White Non-Hispanic,2014,46902,2237.0,Steuben County, NY
White Non-Hispanic,2014,91298,1955.0,Suffolk County, NY
White Non-Hispanic,2014,54415,6852.999999999999,Sullivan County, NY
White Non-Hispanic,2014,59921,4892.0,Tompkins County, NY
White Non-Hispanic,2014,61595,3588.0,Ulster County, NY
White Non-Hispanic,2014,57947,4574.0,Warren County, NY
White Non-Hispanic,2014,46596,4706.0,Wayne County, NY
White Non-Hispanic,2014,103378,2726.0,Westchester County, NY
Hispanic,2014,46544,17937.0,Albany County, NY
Hispanic,2014,26979,1371.0,Bronx County, NY
Hispanic,2014,14716,12111.0,Broome County, NY
Hispanic,2014,36773,29472.0,Cattaraugus County, NY
Hispanic,2014,61517,31744.0,Cayuga County, NY
Hispanic,2014,28807,16182.0,Chautauqua County, NY
Hispanic,2014,16622,5799.0,Clinton County, NY
Hispanic,2014,58183,10304.0,Dutchess County, NY
Hispanic,2014,25186,3185.0,Erie County, NY
Hispanic,2014,34781,3924.0,Jefferson County, NY
Hispanic,2014,36396,1047.0,Kings County, NY
Hispanic,2014,45823,38308.0,Livingston County, NY
Hispanic,2014,250001,,Madison County, NY
Hispanic,2014,31406,5735.0,Monroe County, NY
Hispanic,2014,75920,8621.0,Nassau County, NY
Hispanic,2014,34893,2980.0,New York County, NY
Hispanic,2014,40752,15696.0,Niagara County, NY
Hispanic,2014,21085,1719.0,Oneida County, NY
Hispanic,2014,26458,13270.0,Onondaga County, NY
Hispanic,2014,41228,15651.0,Ontario County, NY
Hispanic,2014,54953,7975.0,Orange County, NY
Hispanic,2014,65263,30310.0,Putnam County, NY
Hispanic,2014,49676,2449.0,Queens County, NY
Hispanic,2014,34315,14093.0,Rensselaer County, NY
Hispanic,2014,62615,11864.0,Richmond County, NY
Hispanic,2014,55532,13099.0,Rockland County, NY
Hispanic,2014,84688,80852.0,St. Lawrence County, NY
Hispanic,2014,76132,9054.0,Saratoga County, NY
Hispanic,2014,33045,13845.999999999998,Schenectady County, NY
Hispanic,2014,69606,3509.0,Suffolk County, NY
Hispanic,2014,47224,18038.0,Sullivan County, NY
Hispanic,2014,38648,16469.0,Tompkins County, NY
Hispanic,2014,36057,10824.0,Ulster County, NY
Hispanic,2014,55758,30297.0,Wayne County, NY
Hispanic,2014,54860,2473.0,Westchester County, NY
Total,2013,55778,2267.0,Albany County, NY
Total,2013,33009,1597.0,Bronx County, NY
Total,2013,45560,2594.0,Broome County, NY
Total,2013,40362,2751.0,Cattaraugus County, NY
Total,2013,50154,3887.0,Cayuga County, NY
Total,2013,40413,2140.0,Chautauqua County, NY
Total,2013,45237,3751.0,Chemung County, NY
Total,2013,43892,5665.0,Clinton County, NY
Total,2013,70056,4183.0,Dutchess County, NY
Total,2013,51245,1158.0,Erie County, NY
Total,2013,46683,3783.0,Jefferson County, NY
Total,2013,47520,1145.0,Kings County, NY
Total,2013,52061,4206.0,Livingston County, NY
Total,2013,52300,5299.0,Madison County, NY
Total,2013,51665,1167.0,Monroe County, NY
Total,2013,96193,2415.0,Nassau County, NY
Total,2013,72190,2200.0,New York County, NY
Total,2013,46775,2992.0,Niagara County, NY
Total,2013,43702,2971.0,Oneida County, NY
Total,2013,52110,1506.0,Onondaga County, NY
Total,2013,58165,2289.0,Ontario County, NY
Total,2013,68950,2495.0,Orange County, NY
Total,2013,46533,4134.0,Oswego County, NY
Total,2013,93746,6264.0,Putnam County, NY
Total,2013,56599,943.0,Queens County, NY
Total,2013,57438,3638.0,Rensselaer County, NY
Total,2013,69633,3474.0,Richmond County, NY
Total,2013,80942,3050.0,Rockland County, NY
Total,2013,45157,4959.0,St. Lawrence County, NY
Total,2013,70673,4132.0,Saratoga County, NY
Total,2013,54293,3343.0,Schenectady County, NY
Total,2013,47046,3175.0,Steuben County, NY
Total,2013,85439,1792.0,Suffolk County, NY
Total,2013,47805,3858.0,Sullivan County, NY
Total,2013,48516,5182.0,Tompkins County, NY
Total,2013,58429,3682.0,Ulster County, NY
Total,2013,55593,5213.0,Warren County, NY
Total,2013,50242,2692.0,Wayne County, NY
Total,2013,84220,3499.0,Westchester County, NY
White,2013,61472,2773.0,Albany County, NY
White,2013,40649,2380.0,Bronx County, NY
White,2013,47267,3306.0,Broome County, NY
White,2013,41193,2731.0,Cattaraugus County, NY
White,2013,51170,3026.0,Cayuga County, NY
White,2013,40991,2161.0,Chautauqua County, NY
White,2013,46489,3335.0,Chemung County, NY
White,2013,45117,5763.0,Clinton County, NY
White,2013,74573,4782.0,Dutchess County, NY
White,2013,56633,1224.0,Erie County, NY
White,2013,47723,4998.0,Jefferson County, NY
White,2013,57225,1382.0,Kings County, NY
White,2013,51994,4072.0,Livingston County, NY
White,2013,52804,5615.0,Madison County, NY
White,2013,57595,1688.9999999999998,Monroe County, NY
White,2013,100988,1600.0,Nassau County, NY
White,2013,100128,3118.0,New York County, NY
White,2013,47873,3850.0000000000014,Niagara County, NY
White,2013,46080,2963.0,Oneida County, NY
White,2013,56201,2553.0,Onondaga County, NY
White,2013,59592,3123.0,Ontario County, NY
White,2013,72434,3848.0,Orange County, NY
White,2013,46727,4007.0000000000014,Oswego County, NY
White,2013,94706,7413.0,Putnam County, NY
White,2013,58021,2119.0,Queens County, NY
White,2013,59032,3507.0,Rensselaer County, NY
White,2013,73801,3426.0,Richmond County, NY
White,2013,80367,3638.0,Rockland County, NY
White,2013,45607,4819.0,St. Lawrence County, NY
White,2013,70756,4017.0000000000014,Saratoga County, NY
White,2013,59012,3418.0,Schenectady County, NY
White,2013,46495,3099.0,Steuben County, NY
White,2013,88100,2287.0,Suffolk County, NY
White,2013,49099,4108.0,Sullivan County, NY
White,2013,52833,5067.0,Tompkins County, NY
White,2013,59625,4184.0,Ulster County, NY
White,2013,57537,5174.0,Warren County, NY
White,2013,51128,2930.0,Wayne County, NY
White,2013,98542,3676.0,Westchester County, NY
Black,2013,27308,5998.0,Albany County, NY
Black,2013,35095,1474.0,Bronx County, NY
Black,2013,22168,3288.0,Broome County, NY
Black,2013,36975,16284.0,Cayuga County, NY
Black,2013,23750,12223.0,Chautauqua County, NY
Black,2013,21568,14086.0,Chemung County, NY
Black,2013,53096,13887.0,Dutchess County, NY
Black,2013,24872,2875.0,Erie County, NY
Black,2013,42894,25153.0,Jefferson County, NY
Black,2013,40747,1084.0,Kings County, NY
Black,2013,28012,2741.0,Monroe County, NY
Black,2013,75382,6992.000000000001,Nassau County, NY
Black,2013,30300,3412.0,New York County, NY
Black,2013,35204,8432.0,Niagara County, NY
Black,2013,27181,8300.0,Oneida County, NY
Black,2013,27759,3783.0,Onondaga County, NY
Black,2013,28295,10237.0,Ontario County, NY
Black,2013,57345,19063.0,Orange County, NY
Black,2013,108326,91724.0,Putnam County, NY
Black,2013,56565,1797.9999999999998,Queens County, NY
Black,2013,26104,14303.999999999998,Rensselaer County, NY
Black,2013,44190,19964.0,Richmond County, NY
Black,2013,81015,9405.0,Rockland County, NY
Black,2013,23926,9304.0,Schenectady County, NY
Black,2013,97679,21889.0,Steuben County, NY
Black,2013,65265,7381.000000000001,Suffolk County, NY
Black,2013,31285,7221.0,Sullivan County, NY
Black,2013,66041,41592.0,Tompkins County, NY
Black,2013,44167,26797.0,Ulster County, NY
Black,2013,26882,6550.0,Warren County, NY
Black,2013,30243,13260.0,Wayne County, NY
Black,2013,51623,6596.0,Westchester County, NY
Native American,2013,53571,25725.0,Albany County, NY
Native American,2013,28452,19422.0,Bronx County, NY
Native American,2013,33614,12909.0,Cattaraugus County, NY
Native American,2013,17333,15683.0,Cayuga County, NY
Native American,2013,73544,49073.0,Chautauqua County, NY
Native American,2013,28683,7771.0,Chemung County, NY
Native American,2013,21257,5587.0,Erie County, NY
Native American,2013,41730,14067.0,Jefferson County, NY
Native American,2013,35244,11675.0,Kings County, NY
Native American,2013,36633,16305.0,Madison County, NY
Native American,2013,26585,16695.0,Monroe County, NY
Native American,2013,96192,37804.0,Nassau County, NY
Native American,2013,30754,10709.0,New York County, NY
Native American,2013,33019,22345.0,Niagara County, NY
Native American,2013,48843,39394.0,Putnam County, NY
Native American,2013,47628,22433.0,Queens County, NY
Native American,2013,65181,28226.0,Rockland County, NY
Native American,2013,49516,41660.0,Steuben County, NY
Native American,2013,70990,25138.0,Sullivan County, NY
Native American,2013,73695,31694.0,Westchester County, NY
Asian,2013,51351,18269.0,Albany County, NY
Asian,2013,44462,9972.0,Bronx County, NY
Asian,2013,27237,16784.0,Cattaraugus County, NY
Asian,2013,31045,10326.0,Chautauqua County, NY
Asian,2013,86512,35752.0,Dutchess County, NY
Asian,2013,62993,23862.0,Erie County, NY
Asian,2013,34706,1837.0,Jefferson County, NY
Asian,2013,45623,3860.0000000000014,Kings County, NY
Asian,2013,49653,4367.0,Monroe County, NY
Asian,2013,111051,9024.0,Nassau County, NY
Asian,2013,76409,11228.0,New York County, NY
Asian,2013,52299,42676.0,Niagara County, NY
Asian,2013,41569,22103.0,Oneida County, NY
Asian,2013,43850,10686.0,Onondaga County, NY
Asian,2013,91736,40615.0,Orange County, NY
Asian,2013,127784,41204.0,Putnam County, NY
Asian,2013,57852,2759.0,Queens County, NY
Asian,2013,80356,19352.0,Richmond County, NY
Asian,2013,122589,23220.0,Rockland County, NY
Asian,2013,93514,35031.0,Saratoga County, NY
Asian,2013,46891,31476.0,Schenectady County, NY
Asian,2013,86969,41053.0,Steuben County, NY
Asian,2013,94243,12373.0,Suffolk County, NY
Asian,2013,69078,43821.0,Sullivan County, NY
Asian,2013,28519,14472.0,Tompkins County, NY
Asian,2013,71360,6332.0,Ulster County, NY
Asian,2013,111598,15985.0,Westchester County, NY
Pacific Islander,2013,31337,15374.0,Queens County, NY
Other,2013,21325,18397.0,Albany County, NY
Other,2013,28699,1709.0,Bronx County, NY
Other,2013,65714,33801.0,Dutchess County, NY
Other,2013,22969,3150.0,Erie County, NY
Other,2013,57473,45267.0,Jefferson County, NY
Other,2013,33641,3974.0,Kings County, NY
Other,2013,73486,70505.0,Livingston County, NY
Other,2013,24311,5664.0,Monroe County, NY
Other,2013,65618,10832.0,Nassau County, NY
Other,2013,29627,2967.0,New York County, NY
Other,2013,23266,15818.0,Oneida County, NY
Other,2013,16594,7869.0,Onondaga County, NY
Other,2013,50917,9722.0,Orange County, NY
Other,2013,50349,29461.0,Putnam County, NY
Other,2013,48012,3346.0,Queens County, NY
Other,2013,88098,24995.0,Rensselaer County, NY
Other,2013,36259,13271.0,Richmond County, NY
Other,2013,40584,11406.0,Rockland County, NY
Other,2013,43523,23353.0,Schenectady County, NY
Other,2013,65121,12503.0,Suffolk County, NY
Other,2013,36053,22454.0,Sullivan County, NY
Other,2013,51503,3327.0,Westchester County, NY
Two Or More,2013,78738,38311.0,Albany County, NY
Two Or More,2013,32975,10639.0,Bronx County, NY
Two Or More,2013,25000,4963.0,Cattaraugus County, NY
Two Or More,2013,47800,42372.0,Chautauqua County, NY
Two Or More,2013,28759,22394.0,Chemung County, NY
Two Or More,2013,14847,12035.0,Clinton County, NY
Two Or More,2013,59402,8374.0,Dutchess County, NY
Two Or More,2013,27153,13541.000000000002,Erie County, NY
Two Or More,2013,52580,9405.0,Kings County, NY
Two Or More,2013,16712,14353.999999999998,Livingston County, NY
Two Or More,2013,28775,14488.000000000002,Monroe County, NY
Two Or More,2013,62559,13150.0,Nassau County, NY
Two Or More,2013,48769,7940.0,New York County, NY
Two Or More,2013,21941,7221.999999999999,Oneida County, NY
Two Or More,2013,40049,15215.000000000002,Onondaga County, NY
Two Or More,2013,41688,30794.0,Orange County, NY
Two Or More,2013,43438,31139.000000000004,Oswego County, NY
Two Or More,2013,66368,9981.0,Queens County, NY
Two Or More,2013,59776,25273.0,Rensselaer County, NY
Two Or More,2013,63842,19057.0,Richmond County, NY
Two Or More,2013,70982,32158.0,Rockland County, NY
Two Or More,2013,31135,12562.0,St. Lawrence County, NY
Two Or More,2013,42137,36855.0,Saratoga County, NY
Two Or More,2013,63698,21928.0,Schenectady County, NY
Two Or More,2013,58013,11996.0,Suffolk County, NY
Two Or More,2013,53263,27281.000000000004,Sullivan County, NY
Two Or More,2013,26903,7747.0,Tompkins County, NY
Two Or More,2013,39085,30679.0,Warren County, NY
Two Or More,2013,50731,9726.0,Wayne County, NY
Two Or More,2013,66548,33200.0,Westchester County, NY
White Non-Hispanic,2013,63060,3131.0,Albany County, NY
White Non-Hispanic,2013,59297,5176.0,Bronx County, NY
White Non-Hispanic,2013,47526,3453.9999999999995,Broome County, NY
White Non-Hispanic,2013,41378,2724.0,Cattaraugus County, NY
White Non-Hispanic,2013,51181,3067.0,Cayuga County, NY
White Non-Hispanic,2013,41964,2425.0,Chautauqua County, NY
White Non-Hispanic,2013,46916,3393.9999999999995,Chemung County, NY
White Non-Hispanic,2013,44486,5687.0,Clinton County, NY
White Non-Hispanic,2013,76963,4526.0,Dutchess County, NY
White Non-Hispanic,2013,56912,1248.0,Erie County, NY
White Non-Hispanic,2013,47445,4935.0,Jefferson County, NY
White Non-Hispanic,2013,61483,1346.0,Kings County, NY
White Non-Hispanic,2013,52277,4553.0,Livingston County, NY
White Non-Hispanic,2013,52671,5624.0,Madison County, NY
White Non-Hispanic,2013,58701,1701.9999999999998,Monroe County, NY
White Non-Hispanic,2013,101974,1879.0,Nassau County, NY
White Non-Hispanic,2013,107436,5511.0,New York County, NY
White Non-Hispanic,2013,47964,3868.0,Niagara County, NY
White Non-Hispanic,2013,46891,2702.0,Oneida County, NY
White Non-Hispanic,2013,56558,2617.0,Onondaga County, NY
White Non-Hispanic,2013,59974,3720.0,Ontario County, NY
White Non-Hispanic,2013,72866,3994.0,Orange County, NY
White Non-Hispanic,2013,47040,4022.0000000000014,Oswego County, NY
White Non-Hispanic,2013,94805,7986.0,Putnam County, NY
White Non-Hispanic,2013,61902,1442.0,Queens County, NY
White Non-Hispanic,2013,59815,3868.0,Rensselaer County, NY
White Non-Hispanic,2013,75909,2751.0,Richmond County, NY
White Non-Hispanic,2013,80405,3685.0,Rockland County, NY
White Non-Hispanic,2013,45735,4697.0,St. Lawrence County, NY
White Non-Hispanic,2013,70598,4072.0,Saratoga County, NY
White Non-Hispanic,2013,60382,3538.0,Schenectady County, NY
White Non-Hispanic,2013,46432,3101.0,Steuben County, NY
White Non-Hispanic,2013,89687,2302.0,Suffolk County, NY
White Non-Hispanic,2013,50038,3570.9999999999995,Sullivan County, NY
White Non-Hispanic,2013,53524,4761.0,Tompkins County, NY
White Non-Hispanic,2013,59981,4357.0,Ulster County, NY
White Non-Hispanic,2013,57726,5036.0,Warren County, NY
White Non-Hispanic,2013,51528,3096.0,Wayne County, NY
White Non-Hispanic,2013,102444,3760.0,Westchester County, NY
Hispanic,2013,32289,11890.0,Albany County, NY
Hispanic,2013,28484,1509.0,Bronx County, NY
Hispanic,2013,25596,6616.0,Broome County, NY
Hispanic,2013,27188,14258.000000000002,Cattaraugus County, NY
Hispanic,2013,27247,8516.0,Chautauqua County, NY
Hispanic,2013,32641,21781.0,Chemung County, NY
Hispanic,2013,111613,90765.0,Clinton County, NY
Hispanic,2013,41543,13121.0,Dutchess County, NY
Hispanic,2013,27440,7004.0,Erie County, NY
Hispanic,2013,41564,19825.0,Jefferson County, NY
Hispanic,2013,36730,1895.0,Kings County, NY
Hispanic,2013,18637,11342.0,Livingston County, NY
Hispanic,2013,26047,2458.0,Monroe County, NY
Hispanic,2013,70421,6420.0,Nassau County, NY
Hispanic,2013,32401,1851.0,New York County, NY
Hispanic,2013,21142,5566.0,Oneida County, NY
Hispanic,2013,26893,12609.0,Onondaga County, NY
Hispanic,2013,16699,12477.0,Ontario County, NY
Hispanic,2013,62166,10792.0,Orange County, NY
Hispanic,2013,27089,15792.0,Oswego County, NY
Hispanic,2013,78352,35558.0,Putnam County, NY
Hispanic,2013,50072,1985.0,Queens County, NY
Hispanic,2013,28729,24420.0,Rensselaer County, NY
Hispanic,2013,51578,8910.0,Richmond County, NY
Hispanic,2013,61674,15093.0,Rockland County, NY
Hispanic,2013,81048,49589.0,Saratoga County, NY
Hispanic,2013,18695,11945.0,Schenectady County, NY
Hispanic,2013,69876,9517.0,Suffolk County, NY
Hispanic,2013,32392,11238.0,Sullivan County, NY
Hispanic,2013,25847,6356.0,Tompkins County, NY
Hispanic,2013,45037,28859.0,Ulster County, NY
Hispanic,2013,37361,29732.0,Warren County, NY
Hispanic,2013,40253,22919.0,Wayne County, NY
Hispanic,2013,53423,6260.0,Westchester County, NY
